file,expected_label,predicted_label,confidence,status,error
dataset\set 23\coastal_mansion\coastalmansion001.jpg,coastal_mansion,coastal_mansion,0.9985081553459167,PASS,
dataset\set 23\coastal_mansion\coastalmansion002.jpg,coastal_mansion,coastal_mansion,0.9945772886276245,PASS,
dataset\set 23\coastal_mansion\coastalmansion003.jpg,coastal_mansion,coastal_mansion,0.9753457307815552,PASS,
dataset\set 23\coastal_mansion\coastalmansion004.jpg,coastal_mansion,coastal_mansion,0.9962949156761169,PASS,
dataset\set 23\coastal_mansion\coastalmansion005.jpg,coastal_mansion,sparse_residential,0.5310080647468567,FAIL,
dataset\set 23\coastal_mansion\coastalmansion006.jpg,coastal_mansion,coastal_mansion,0.595380961894989,PASS,
dataset\set 23\coastal_mansion\coastalmansion007.jpg,coastal_mansion,coastal_mansion,0.8347444534301758,PASS,
dataset\set 23\coastal_mansion\coastalmansion008.jpg,coastal_mansion,coastal_mansion,0.9363980889320374,PASS,
dataset\set 23\coastal_mansion\coastalmansion009.jpg,coastal_mansion,coastal_mansion,0.9939079284667969,PASS,
dataset\set 23\coastal_mansion\coastalmansion010.jpg,coastal_mansion,coastal_mansion,0.9989257454872131,PASS,
dataset\set 23\coastal_mansion\coastalmansion011.jpg,coastal_mansion,coastal_mansion,0.8543009161949158,PASS,
dataset\set 23\coastal_mansion\coastalmansion012.jpg,coastal_mansion,coastal_mansion,0.9929630160331726,PASS,
dataset\set 23\coastal_mansion\coastalmansion013.jpg,coastal_mansion,coastal_mansion,0.9922524094581604,PASS,
dataset\set 23\coastal_mansion\coastalmansion014.jpg,coastal_mansion,coastal_mansion,0.9989657402038574,PASS,
dataset\set 23\coastal_mansion\coastalmansion015.jpg,coastal_mansion,coastal_mansion,0.98792564868927,PASS,
dataset\set 23\coastal_mansion\coastalmansion016.jpg,coastal_mansion,coastal_mansion,0.9965453743934631,PASS,
dataset\set 23\coastal_mansion\coastalmansion017.jpg,coastal_mansion,coastal_mansion,0.9944591522216797,PASS,
dataset\set 23\coastal_mansion\coastalmansion018.jpg,coastal_mansion,coastal_mansion,0.95803302526474,PASS,
dataset\set 23\coastal_mansion\coastalmansion019.jpg,coastal_mansion,coastal_mansion,0.9732362031936646,PASS,
dataset\set 23\coastal_mansion\coastalmansion020.jpg,coastal_mansion,coastal_mansion,0.5335928201675415,PASS,
dataset\set 23\coastal_mansion\coastalmansion021.jpg,coastal_mansion,coastal_mansion,0.9946342706680298,PASS,
dataset\set 23\coastal_mansion\coastalmansion022.jpg,coastal_mansion,coastal_mansion,0.9980589747428894,PASS,
dataset\set 23\coastal_mansion\coastalmansion023.jpg,coastal_mansion,coastal_mansion,0.9865726232528687,PASS,
dataset\set 23\coastal_mansion\coastalmansion024.jpg,coastal_mansion,coastal_mansion,0.8940987586975098,PASS,
dataset\set 23\coastal_mansion\coastalmansion025.jpg,coastal_mansion,coastal_mansion,0.9934794902801514,PASS,
dataset\set 23\coastal_mansion\coastalmansion026.jpg,coastal_mansion,coastal_mansion,0.8016422390937805,PASS,
dataset\set 23\coastal_mansion\coastalmansion027.jpg,coastal_mansion,coastal_mansion,0.7099196910858154,PASS,
dataset\set 23\coastal_mansion\coastalmansion028.jpg,coastal_mansion,coastal_mansion,0.6953712105751038,PASS,
dataset\set 23\coastal_mansion\coastalmansion029.jpg,coastal_mansion,sparse_residential,0.7810866236686707,FAIL,
dataset\set 23\coastal_mansion\coastalmansion030.jpg,coastal_mansion,coastal_mansion,0.960838258266449,PASS,
dataset\set 23\coastal_mansion\coastalmansion031.jpg,coastal_mansion,coastal_mansion,0.9880997538566589,PASS,
dataset\set 23\coastal_mansion\coastalmansion032.jpg,coastal_mansion,coastal_mansion,0.9997431635856628,PASS,
dataset\set 23\coastal_mansion\coastalmansion033.jpg,coastal_mansion,coastal_mansion,0.9546030759811401,PASS,
dataset\set 23\coastal_mansion\coastalmansion034.jpg,coastal_mansion,coastal_mansion,0.9987429976463318,PASS,
dataset\set 23\coastal_mansion\coastalmansion035.jpg,coastal_mansion,coastal_mansion,0.9985085129737854,PASS,
dataset\set 23\coastal_mansion\coastalmansion036.jpg,coastal_mansion,coastal_mansion,0.9956148862838745,PASS,
dataset\set 23\coastal_mansion\coastalmansion037.jpg,coastal_mansion,coastal_mansion,0.9861125349998474,PASS,
dataset\set 23\coastal_mansion\coastalmansion038.jpg,coastal_mansion,coastal_mansion,0.9982606768608093,PASS,
dataset\set 23\coastal_mansion\coastalmansion039.jpg,coastal_mansion,coastal_mansion,0.9966086149215698,PASS,
dataset\set 23\coastal_mansion\coastalmansion040.jpg,coastal_mansion,coastal_mansion,0.9972195625305176,PASS,
dataset\set 23\coastal_mansion\coastalmansion041.jpg,coastal_mansion,coastal_mansion,0.9897065162658691,PASS,
dataset\set 23\coastal_mansion\coastalmansion042.jpg,coastal_mansion,coastal_mansion,0.9524505138397217,PASS,
dataset\set 23\coastal_mansion\coastalmansion043.jpg,coastal_mansion,coastal_mansion,0.9511501789093018,PASS,
dataset\set 23\coastal_mansion\coastalmansion044.jpg,coastal_mansion,coastal_mansion,0.9922484159469604,PASS,
dataset\set 23\coastal_mansion\coastalmansion045.jpg,coastal_mansion,coastal_mansion,0.992842435836792,PASS,
dataset\set 23\coastal_mansion\coastalmansion046.jpg,coastal_mansion,coastal_mansion,0.9975035786628723,PASS,
dataset\set 23\coastal_mansion\coastalmansion047.jpg,coastal_mansion,coastal_mansion,0.8838160037994385,PASS,
dataset\set 23\coastal_mansion\coastalmansion048.jpg,coastal_mansion,coastal_mansion,0.9720385074615479,PASS,
dataset\set 23\coastal_mansion\coastalmansion049.jpg,coastal_mansion,coastal_mansion,0.9113659858703613,PASS,
dataset\set 23\coastal_mansion\coastalmansion050.jpg,coastal_mansion,coastal_mansion,0.9596620202064514,PASS,
dataset\set 23\coastal_mansion\coastalmansion051.jpg,coastal_mansion,coastal_mansion,0.9725631475448608,PASS,
dataset\set 23\coastal_mansion\coastalmansion052.jpg,coastal_mansion,coastal_mansion,0.8433635830879211,PASS,
dataset\set 23\coastal_mansion\coastalmansion053.jpg,coastal_mansion,coastal_mansion,0.9792634844779968,PASS,
dataset\set 23\coastal_mansion\coastalmansion054.jpg,coastal_mansion,coastal_mansion,0.9388930797576904,PASS,
dataset\set 23\coastal_mansion\coastalmansion055.jpg,coastal_mansion,coastal_mansion,0.9986069798469543,PASS,
dataset\set 23\coastal_mansion\coastalmansion056.jpg,coastal_mansion,coastal_mansion,0.9548708200454712,PASS,
dataset\set 23\coastal_mansion\coastalmansion057.jpg,coastal_mansion,coastal_mansion,0.9198263883590698,PASS,
dataset\set 23\coastal_mansion\coastalmansion058.jpg,coastal_mansion,coastal_mansion,0.7626327872276306,PASS,
dataset\set 23\coastal_mansion\coastalmansion059.jpg,coastal_mansion,coastal_mansion,0.9940557479858398,PASS,
dataset\set 23\coastal_mansion\coastalmansion060.jpg,coastal_mansion,coastal_mansion,0.9802964925765991,PASS,
dataset\set 23\coastal_mansion\coastalmansion061.jpg,coastal_mansion,coastal_mansion,0.9935692548751831,PASS,
dataset\set 23\coastal_mansion\coastalmansion062.jpg,coastal_mansion,coastal_mansion,0.9999505281448364,PASS,
dataset\set 23\coastal_mansion\coastalmansion063.jpg,coastal_mansion,coastal_mansion,0.9930946826934814,PASS,
dataset\set 23\coastal_mansion\coastalmansion064.jpg,coastal_mansion,coastal_mansion,0.9550741314888,PASS,
dataset\set 23\coastal_mansion\coastalmansion065.jpg,coastal_mansion,coastal_mansion,0.9824642539024353,PASS,
dataset\set 23\coastal_mansion\coastalmansion066.jpg,coastal_mansion,coastal_mansion,0.8028159141540527,PASS,
dataset\set 23\coastal_mansion\coastalmansion067.jpg,coastal_mansion,coastal_mansion,0.724147617816925,PASS,
dataset\set 23\coastal_mansion\coastalmansion068.jpg,coastal_mansion,coastal_mansion,0.9441379308700562,PASS,
dataset\set 23\coastal_mansion\coastalmansion069.jpg,coastal_mansion,coastal_mansion,0.9961355924606323,PASS,
dataset\set 23\coastal_mansion\coastalmansion070.jpg,coastal_mansion,coastal_mansion,0.9877092838287354,PASS,
dataset\set 23\coastal_mansion\coastalmansion071.jpg,coastal_mansion,coastal_mansion,0.9391258955001831,PASS,
dataset\set 23\coastal_mansion\coastalmansion072.jpg,coastal_mansion,coastal_mansion,0.9845529794692993,PASS,
dataset\set 23\coastal_mansion\coastalmansion073.jpg,coastal_mansion,coastal_mansion,0.9939334988594055,PASS,
dataset\set 23\coastal_mansion\coastalmansion074.jpg,coastal_mansion,coastal_mansion,0.9610106348991394,PASS,
dataset\set 23\coastal_mansion\coastalmansion075.jpg,coastal_mansion,coastal_mansion,0.9926543235778809,PASS,
dataset\set 23\coastal_mansion\coastalmansion076.jpg,coastal_mansion,coastal_mansion,0.9698449373245239,PASS,
dataset\set 23\coastal_mansion\coastalmansion077.jpg,coastal_mansion,coastal_mansion,0.6616160869598389,PASS,
dataset\set 23\coastal_mansion\coastalmansion078.jpg,coastal_mansion,coastal_mansion,0.9937825798988342,PASS,
dataset\set 23\coastal_mansion\coastalmansion079.jpg,coastal_mansion,coastal_mansion,0.9908835291862488,PASS,
dataset\set 23\coastal_mansion\coastalmansion080.jpg,coastal_mansion,coastal_mansion,0.8429574966430664,PASS,
dataset\set 23\coastal_mansion\coastalmansion081.jpg,coastal_mansion,coastal_mansion,0.7510380744934082,PASS,
dataset\set 23\coastal_mansion\coastalmansion082.jpg,coastal_mansion,coastal_mansion,0.9538419842720032,PASS,
dataset\set 23\coastal_mansion\coastalmansion083.jpg,coastal_mansion,coastal_mansion,0.946760892868042,PASS,
dataset\set 23\coastal_mansion\coastalmansion084.jpg,coastal_mansion,coastal_mansion,0.9972448348999023,PASS,
dataset\set 23\coastal_mansion\coastalmansion085.jpg,coastal_mansion,coastal_mansion,0.5080319046974182,PASS,
dataset\set 23\coastal_mansion\coastalmansion086.jpg,coastal_mansion,coastal_mansion,0.937418520450592,PASS,
dataset\set 23\coastal_mansion\coastalmansion087.jpg,coastal_mansion,coastal_mansion,0.9857240319252014,PASS,
dataset\set 23\coastal_mansion\coastalmansion088.jpg,coastal_mansion,coastal_mansion,0.9915987253189087,PASS,
dataset\set 23\coastal_mansion\coastalmansion089.jpg,coastal_mansion,coastal_mansion,0.9978237152099609,PASS,
dataset\set 23\coastal_mansion\coastalmansion090.jpg,coastal_mansion,coastal_mansion,0.9961920976638794,PASS,
dataset\set 23\coastal_mansion\coastalmansion091.jpg,coastal_mansion,coastal_mansion,0.9726247191429138,PASS,
dataset\set 23\coastal_mansion\coastalmansion092.jpg,coastal_mansion,coastal_mansion,0.9028297066688538,PASS,
dataset\set 23\coastal_mansion\coastalmansion093.jpg,coastal_mansion,coastal_mansion,0.9235087633132935,PASS,
dataset\set 23\coastal_mansion\coastalmansion094.jpg,coastal_mansion,coastal_mansion,0.9968356490135193,PASS,
dataset\set 23\coastal_mansion\coastalmansion095.jpg,coastal_mansion,coastal_mansion,0.9864203929901123,PASS,
dataset\set 23\coastal_mansion\coastalmansion096.jpg,coastal_mansion,coastal_mansion,0.9926770925521851,PASS,
dataset\set 23\coastal_mansion\coastalmansion097.jpg,coastal_mansion,coastal_mansion,0.9964122176170349,PASS,
dataset\set 23\coastal_mansion\coastalmansion098.jpg,coastal_mansion,coastal_mansion,0.9952560067176819,PASS,
dataset\set 23\coastal_mansion\coastalmansion099.jpg,coastal_mansion,coastal_mansion,0.9909777641296387,PASS,
dataset\set 23\coastal_mansion\coastalmansion100.jpg,coastal_mansion,coastal_mansion,0.9998860359191895,PASS,
dataset\set 23\coastal_mansion\coastalmansion101.jpg,coastal_mansion,coastal_mansion,0.9915100336074829,PASS,
dataset\set 23\coastal_mansion\coastalmansion102.jpg,coastal_mansion,coastal_mansion,0.9990229606628418,PASS,
dataset\set 23\coastal_mansion\coastalmansion103.jpg,coastal_mansion,coastal_mansion,0.9990730285644531,PASS,
dataset\set 23\coastal_mansion\coastalmansion104.jpg,coastal_mansion,coastal_mansion,0.9790217876434326,PASS,
dataset\set 23\coastal_mansion\coastalmansion105.jpg,coastal_mansion,coastal_mansion,0.9752383232116699,PASS,
dataset\set 23\coastal_mansion\coastalmansion106.jpg,coastal_mansion,coastal_mansion,0.9915415644645691,PASS,
dataset\set 23\coastal_mansion\coastalmansion107.jpg,coastal_mansion,coastal_mansion,0.9485345482826233,PASS,
dataset\set 23\coastal_mansion\coastalmansion108.jpg,coastal_mansion,coastal_mansion,0.9847870469093323,PASS,
dataset\set 23\coastal_mansion\coastalmansion109.jpg,coastal_mansion,coastal_mansion,0.9918034076690674,PASS,
dataset\set 23\coastal_mansion\coastalmansion110.jpg,coastal_mansion,coastal_mansion,0.8884336948394775,PASS,
dataset\set 23\coastal_mansion\coastalmansion111.jpg,coastal_mansion,coastal_mansion,0.9979366064071655,PASS,
dataset\set 23\coastal_mansion\coastalmansion112.jpg,coastal_mansion,coastal_mansion,0.9973596930503845,PASS,
dataset\set 23\coastal_mansion\coastalmansion113.jpg,coastal_mansion,coastal_mansion,0.7742343544960022,PASS,
dataset\set 23\coastal_mansion\coastalmansion114.jpg,coastal_mansion,coastal_mansion,0.9914000034332275,PASS,
dataset\set 23\coastal_mansion\coastalmansion115.jpg,coastal_mansion,coastal_mansion,0.9964208602905273,PASS,
dataset\set 23\coastal_mansion\coastalmansion116.jpg,coastal_mansion,coastal_mansion,0.9991390705108643,PASS,
dataset\set 23\coastal_mansion\coastalmansion117.jpg,coastal_mansion,coastal_mansion,0.7110785841941833,PASS,
dataset\set 23\coastal_mansion\coastalmansion118.jpg,coastal_mansion,coastal_mansion,0.9171426892280579,PASS,
dataset\set 23\coastal_mansion\coastalmansion119.jpg,coastal_mansion,sparse_residential,0.5539403557777405,FAIL,
dataset\set 23\coastal_mansion\coastalmansion120.jpg,coastal_mansion,coastal_mansion,0.9976397752761841,PASS,
dataset\set 23\coastal_mansion\coastalmansion121.jpg,coastal_mansion,coastal_mansion,0.997413694858551,PASS,
dataset\set 23\coastal_mansion\coastalmansion122.jpg,coastal_mansion,coastal_mansion,0.9483166337013245,PASS,
dataset\set 23\coastal_mansion\coastalmansion123.jpg,coastal_mansion,coastal_mansion,0.9694319367408752,PASS,
dataset\set 23\coastal_mansion\coastalmansion124.jpg,coastal_mansion,coastal_mansion,0.9874778985977173,PASS,
dataset\set 23\coastal_mansion\coastalmansion125.jpg,coastal_mansion,coastal_mansion,0.990856409072876,PASS,
dataset\set 23\coastal_mansion\coastalmansion126.jpg,coastal_mansion,coastal_mansion,0.9863903522491455,PASS,
dataset\set 23\coastal_mansion\coastalmansion127.jpg,coastal_mansion,coastal_mansion,0.9866253137588501,PASS,
dataset\set 23\coastal_mansion\coastalmansion128.jpg,coastal_mansion,coastal_mansion,0.9138898849487305,PASS,
dataset\set 23\coastal_mansion\coastalmansion129.jpg,coastal_mansion,coastal_mansion,0.9996510744094849,PASS,
dataset\set 23\coastal_mansion\coastalmansion130.jpg,coastal_mansion,coastal_mansion,0.9724616408348083,PASS,
dataset\set 23\coastal_mansion\coastalmansion131.jpg,coastal_mansion,coastal_mansion,0.7027512192726135,PASS,
dataset\set 23\coastal_mansion\coastalmansion132.jpg,coastal_mansion,coastal_mansion,0.9098621606826782,PASS,
dataset\set 23\coastal_mansion\coastalmansion133.jpg,coastal_mansion,coastal_mansion,0.9551326036453247,PASS,
dataset\set 23\coastal_mansion\coastalmansion134.jpg,coastal_mansion,coastal_mansion,0.8531514406204224,PASS,
dataset\set 23\coastal_mansion\coastalmansion135.jpg,coastal_mansion,coastal_mansion,0.8861120939254761,PASS,
dataset\set 23\coastal_mansion\coastalmansion136.jpg,coastal_mansion,coastal_mansion,0.9891213774681091,PASS,
dataset\set 23\coastal_mansion\coastalmansion137.jpg,coastal_mansion,coastal_mansion,0.8732870817184448,PASS,
dataset\set 23\coastal_mansion\coastalmansion138.jpg,coastal_mansion,coastal_mansion,0.9025770425796509,PASS,
dataset\set 23\coastal_mansion\coastalmansion139.jpg,coastal_mansion,coastal_mansion,0.9979854822158813,PASS,
dataset\set 23\coastal_mansion\coastalmansion140.jpg,coastal_mansion,coastal_mansion,0.9776435494422913,PASS,
dataset\set 23\coastal_mansion\coastalmansion141.jpg,coastal_mansion,coastal_mansion,0.9978468418121338,PASS,
dataset\set 23\coastal_mansion\coastalmansion142.jpg,coastal_mansion,coastal_mansion,0.9970149993896484,PASS,
dataset\set 23\coastal_mansion\coastalmansion143.jpg,coastal_mansion,coastal_mansion,0.970521092414856,PASS,
dataset\set 23\coastal_mansion\coastalmansion144.jpg,coastal_mansion,coastal_mansion,0.9087074398994446,PASS,
dataset\set 23\coastal_mansion\coastalmansion145.jpg,coastal_mansion,coastal_mansion,0.9828023314476013,PASS,
dataset\set 23\coastal_mansion\coastalmansion146.jpg,coastal_mansion,coastal_mansion,0.9543269276618958,PASS,
dataset\set 23\coastal_mansion\coastalmansion147.jpg,coastal_mansion,coastal_mansion,0.9141888618469238,PASS,
dataset\set 23\coastal_mansion\coastalmansion148.jpg,coastal_mansion,coastal_mansion,0.9769394993782043,PASS,
dataset\set 23\coastal_mansion\coastalmansion149.jpg,coastal_mansion,coastal_mansion,0.7439782619476318,PASS,
dataset\set 23\coastal_mansion\coastalmansion150.jpg,coastal_mansion,coastal_mansion,0.9050925970077515,PASS,
dataset\set 23\coastal_mansion\coastalmansion151.jpg,coastal_mansion,coastal_mansion,0.8468093872070312,PASS,
dataset\set 23\coastal_mansion\coastalmansion152.jpg,coastal_mansion,coastal_mansion,0.7486563920974731,PASS,
dataset\set 23\coastal_mansion\coastalmansion153.jpg,coastal_mansion,coastal_mansion,0.9499624371528625,PASS,
dataset\set 23\coastal_mansion\coastalmansion154.jpg,coastal_mansion,coastal_mansion,0.9636735916137695,PASS,
dataset\set 23\coastal_mansion\coastalmansion155.jpg,coastal_mansion,coastal_mansion,0.9509585499763489,PASS,
dataset\set 23\coastal_mansion\coastalmansion156.jpg,coastal_mansion,coastal_mansion,0.9915426969528198,PASS,
dataset\set 23\coastal_mansion\coastalmansion157.jpg,coastal_mansion,coastal_mansion,0.6385637521743774,PASS,
dataset\set 23\coastal_mansion\coastalmansion158.jpg,coastal_mansion,dense_residential,0.6936168670654297,FAIL,
dataset\set 23\coastal_mansion\coastalmansion159.jpg,coastal_mansion,coastal_mansion,0.8464893698692322,PASS,
dataset\set 23\coastal_mansion\coastalmansion160.jpg,coastal_mansion,coastal_mansion,0.7946234941482544,PASS,
dataset\set 23\coastal_mansion\coastalmansion161.jpg,coastal_mansion,coastal_mansion,0.664396345615387,PASS,
dataset\set 23\coastal_mansion\coastalmansion162.jpg,coastal_mansion,coastal_mansion,0.9006536602973938,PASS,
dataset\set 23\coastal_mansion\coastalmansion163.jpg,coastal_mansion,coastal_mansion,0.9875937104225159,PASS,
dataset\set 23\coastal_mansion\coastalmansion164.jpg,coastal_mansion,coastal_mansion,0.9824357032775879,PASS,
dataset\set 23\coastal_mansion\coastalmansion165.jpg,coastal_mansion,coastal_mansion,0.883091151714325,PASS,
dataset\set 23\coastal_mansion\coastalmansion166.jpg,coastal_mansion,coastal_mansion,0.9250369668006897,PASS,
dataset\set 23\coastal_mansion\coastalmansion167.jpg,coastal_mansion,coastal_mansion,0.7804170846939087,PASS,
dataset\set 23\coastal_mansion\coastalmansion168.jpg,coastal_mansion,coastal_mansion,0.9456073045730591,PASS,
dataset\set 23\coastal_mansion\coastalmansion169.jpg,coastal_mansion,dense_residential,0.6829538345336914,FAIL,
dataset\set 23\coastal_mansion\coastalmansion170.jpg,coastal_mansion,coastal_mansion,0.9930201172828674,PASS,
dataset\set 23\coastal_mansion\coastalmansion171.jpg,coastal_mansion,coastal_mansion,0.5799220204353333,PASS,
dataset\set 23\coastal_mansion\coastalmansion172.jpg,coastal_mansion,coastal_mansion,0.9769078493118286,PASS,
dataset\set 23\coastal_mansion\coastalmansion173.jpg,coastal_mansion,coastal_mansion,0.48932909965515137,FAIL,
dataset\set 23\coastal_mansion\coastalmansion174.jpg,coastal_mansion,coastal_mansion,0.6754072904586792,PASS,
dataset\set 23\coastal_mansion\coastalmansion175.jpg,coastal_mansion,dense_residential,0.578486442565918,FAIL,
dataset\set 23\coastal_mansion\coastalmansion176.jpg,coastal_mansion,coastal_mansion,0.9517821073532104,PASS,
dataset\set 23\coastal_mansion\coastalmansion177.jpg,coastal_mansion,coastal_mansion,0.5773494243621826,PASS,
dataset\set 23\coastal_mansion\coastalmansion178.jpg,coastal_mansion,coastal_mansion,0.9288162589073181,PASS,
dataset\set 23\coastal_mansion\coastalmansion179.jpg,coastal_mansion,coastal_mansion,0.9917107820510864,PASS,
dataset\set 23\coastal_mansion\coastalmansion180.jpg,coastal_mansion,coastal_mansion,0.9594712257385254,PASS,
dataset\set 23\coastal_mansion\coastalmansion181.jpg,coastal_mansion,coastal_mansion,0.9974603652954102,PASS,
dataset\set 23\coastal_mansion\coastalmansion182.jpg,coastal_mansion,coastal_mansion,0.9972225427627563,PASS,
dataset\set 23\coastal_mansion\coastalmansion183.jpg,coastal_mansion,coastal_mansion,0.9868065714836121,PASS,
dataset\set 23\coastal_mansion\coastalmansion184.jpg,coastal_mansion,coastal_mansion,0.9981688261032104,PASS,
dataset\set 23\coastal_mansion\coastalmansion185.jpg,coastal_mansion,coastal_mansion,0.9999666213989258,PASS,
dataset\set 23\coastal_mansion\coastalmansion186.jpg,coastal_mansion,coastal_mansion,0.9598663449287415,PASS,
dataset\set 23\coastal_mansion\coastalmansion187.jpg,coastal_mansion,coastal_mansion,0.9996931552886963,PASS,
dataset\set 23\coastal_mansion\coastalmansion188.jpg,coastal_mansion,coastal_mansion,0.9386035799980164,PASS,
dataset\set 23\coastal_mansion\coastalmansion189.jpg,coastal_mansion,coastal_mansion,0.9767346978187561,PASS,
dataset\set 23\coastal_mansion\coastalmansion190.jpg,coastal_mansion,coastal_mansion,0.9929463267326355,PASS,
dataset\set 23\coastal_mansion\coastalmansion191.jpg,coastal_mansion,coastal_mansion,0.9992702603340149,PASS,
dataset\set 23\coastal_mansion\coastalmansion192.jpg,coastal_mansion,coastal_mansion,0.997272789478302,PASS,
dataset\set 23\coastal_mansion\coastalmansion193.jpg,coastal_mansion,coastal_mansion,0.9855443835258484,PASS,
dataset\set 23\coastal_mansion\coastalmansion194.jpg,coastal_mansion,coastal_mansion,0.8866357207298279,PASS,
dataset\set 23\coastal_mansion\coastalmansion195.jpg,coastal_mansion,coastal_mansion,0.9499061703681946,PASS,
dataset\set 23\coastal_mansion\coastalmansion196.jpg,coastal_mansion,coastal_mansion,0.993782103061676,PASS,
dataset\set 23\coastal_mansion\coastalmansion197.jpg,coastal_mansion,coastal_mansion,0.9207413196563721,PASS,
dataset\set 23\coastal_mansion\coastalmansion198.jpg,coastal_mansion,coastal_mansion,0.9993194341659546,PASS,
dataset\set 23\coastal_mansion\coastalmansion199.jpg,coastal_mansion,coastal_mansion,0.9998741149902344,PASS,
dataset\set 23\coastal_mansion\coastalmansion200.jpg,coastal_mansion,coastal_mansion,0.9562511444091797,PASS,
dataset\set 23\coastal_mansion\coastalmansion201.jpg,coastal_mansion,coastal_mansion,0.7009455561637878,PASS,
dataset\set 23\coastal_mansion\coastalmansion202.jpg,coastal_mansion,coastal_mansion,0.9985936284065247,PASS,
dataset\set 23\coastal_mansion\coastalmansion203.jpg,coastal_mansion,coastal_mansion,0.9539364576339722,PASS,
dataset\set 23\coastal_mansion\coastalmansion204.jpg,coastal_mansion,coastal_mansion,0.9999268054962158,PASS,
dataset\set 23\coastal_mansion\coastalmansion205.jpg,coastal_mansion,coastal_mansion,0.9797539114952087,PASS,
dataset\set 23\coastal_mansion\coastalmansion206.jpg,coastal_mansion,coastal_mansion,0.9954223036766052,PASS,
dataset\set 23\coastal_mansion\coastalmansion207.jpg,coastal_mansion,coastal_mansion,0.9999290704727173,PASS,
dataset\set 23\coastal_mansion\coastalmansion208.jpg,coastal_mansion,coastal_mansion,0.9916610717773438,PASS,
dataset\set 23\coastal_mansion\coastalmansion209.jpg,coastal_mansion,coastal_mansion,0.992976188659668,PASS,
dataset\set 23\coastal_mansion\coastalmansion210.jpg,coastal_mansion,coastal_mansion,0.9862978458404541,PASS,
dataset\set 23\coastal_mansion\coastalmansion211.jpg,coastal_mansion,coastal_mansion,0.999322772026062,PASS,
dataset\set 23\coastal_mansion\coastalmansion212.jpg,coastal_mansion,coastal_mansion,0.9995324611663818,PASS,
dataset\set 23\coastal_mansion\coastalmansion213.jpg,coastal_mansion,coastal_mansion,0.9984809756278992,PASS,
dataset\set 23\coastal_mansion\coastalmansion214.jpg,coastal_mansion,coastal_mansion,0.9997392296791077,PASS,
dataset\set 23\coastal_mansion\coastalmansion215.jpg,coastal_mansion,nursing_home,0.5256876945495605,FAIL,
dataset\set 23\coastal_mansion\coastalmansion216.jpg,coastal_mansion,coastal_mansion,0.9992533326148987,PASS,
dataset\set 23\coastal_mansion\coastalmansion217.jpg,coastal_mansion,coastal_mansion,0.9997617602348328,PASS,
dataset\set 23\coastal_mansion\coastalmansion218.jpg,coastal_mansion,coastal_mansion,0.996296226978302,PASS,
dataset\set 23\coastal_mansion\coastalmansion219.jpg,coastal_mansion,coastal_mansion,0.9805207252502441,PASS,
dataset\set 23\coastal_mansion\coastalmansion220.jpg,coastal_mansion,coastal_mansion,0.9999189376831055,PASS,
dataset\set 23\coastal_mansion\coastalmansion221.jpg,coastal_mansion,coastal_mansion,0.9999433755874634,PASS,
dataset\set 23\coastal_mansion\coastalmansion222.jpg,coastal_mansion,coastal_mansion,0.990656316280365,PASS,
dataset\set 23\coastal_mansion\coastalmansion223.jpg,coastal_mansion,coastal_mansion,0.999572217464447,PASS,
dataset\set 23\coastal_mansion\coastalmansion224.jpg,coastal_mansion,coastal_mansion,0.9661900401115417,PASS,
dataset\set 23\coastal_mansion\coastalmansion225.jpg,coastal_mansion,coastal_mansion,0.9946891069412231,PASS,
dataset\set 23\coastal_mansion\coastalmansion226.jpg,coastal_mansion,coastal_mansion,0.553476870059967,PASS,
dataset\set 23\coastal_mansion\coastalmansion227.jpg,coastal_mansion,coastal_mansion,0.9997977614402771,PASS,
dataset\set 23\coastal_mansion\coastalmansion228.jpg,coastal_mansion,coastal_mansion,0.9233025312423706,PASS,
dataset\set 23\coastal_mansion\coastalmansion229.jpg,coastal_mansion,coastal_mansion,0.8512032628059387,PASS,
dataset\set 23\coastal_mansion\coastalmansion230.jpg,coastal_mansion,coastal_mansion,0.9784148335456848,PASS,
dataset\set 23\coastal_mansion\coastalmansion231.jpg,coastal_mansion,coastal_mansion,0.999350368976593,PASS,
dataset\set 23\coastal_mansion\coastalmansion232.jpg,coastal_mansion,coastal_mansion,0.723183810710907,PASS,
dataset\set 23\coastal_mansion\coastalmansion233.jpg,coastal_mansion,coastal_mansion,0.9920992851257324,PASS,
dataset\set 23\coastal_mansion\coastalmansion234.jpg,coastal_mansion,coastal_mansion,0.9990394711494446,PASS,
dataset\set 23\coastal_mansion\coastalmansion235.jpg,coastal_mansion,coastal_mansion,0.9988899827003479,PASS,
dataset\set 23\coastal_mansion\coastalmansion236.jpg,coastal_mansion,coastal_mansion,0.9979637861251831,PASS,
dataset\set 23\coastal_mansion\coastalmansion237.jpg,coastal_mansion,coastal_mansion,0.9918168187141418,PASS,
dataset\set 23\coastal_mansion\coastalmansion238.jpg,coastal_mansion,coastal_mansion,0.9993657469749451,PASS,
dataset\set 23\coastal_mansion\coastalmansion239.jpg,coastal_mansion,coastal_mansion,0.9988278746604919,PASS,
dataset\set 23\coastal_mansion\coastalmansion240.jpg,coastal_mansion,coastal_mansion,0.9999136924743652,PASS,
dataset\set 23\coastal_mansion\coastalmansion241.jpg,coastal_mansion,coastal_mansion,0.9987472295761108,PASS,
dataset\set 23\coastal_mansion\coastalmansion242.jpg,coastal_mansion,coastal_mansion,0.9984246492385864,PASS,
dataset\set 23\coastal_mansion\coastalmansion243.jpg,coastal_mansion,coastal_mansion,0.9954550266265869,PASS,
dataset\set 23\coastal_mansion\coastalmansion244.jpg,coastal_mansion,coastal_mansion,0.9980930685997009,PASS,
dataset\set 23\coastal_mansion\coastalmansion245.jpg,coastal_mansion,coastal_mansion,0.9963087439537048,PASS,
dataset\set 23\coastal_mansion\coastalmansion246.jpg,coastal_mansion,coastal_mansion,0.9995468258857727,PASS,
dataset\set 23\coastal_mansion\coastalmansion247.jpg,coastal_mansion,coastal_mansion,0.9995577931404114,PASS,
dataset\set 23\coastal_mansion\coastalmansion248.jpg,coastal_mansion,coastal_mansion,0.9417464137077332,PASS,
dataset\set 23\coastal_mansion\coastalmansion249.jpg,coastal_mansion,coastal_mansion,0.9998737573623657,PASS,
dataset\set 23\coastal_mansion\coastalmansion250.jpg,coastal_mansion,coastal_mansion,0.9997164607048035,PASS,
dataset\set 23\coastal_mansion\coastalmansion251.jpg,coastal_mansion,coastal_mansion,0.9099849462509155,PASS,
dataset\set 23\coastal_mansion\coastalmansion252.jpg,coastal_mansion,coastal_mansion,0.9993517994880676,PASS,
dataset\set 23\coastal_mansion\coastalmansion253.jpg,coastal_mansion,coastal_mansion,0.9943419694900513,PASS,
dataset\set 23\coastal_mansion\coastalmansion254.jpg,coastal_mansion,coastal_mansion,0.9034285545349121,PASS,
dataset\set 23\coastal_mansion\coastalmansion255.jpg,coastal_mansion,coastal_mansion,0.7481169700622559,PASS,
dataset\set 23\coastal_mansion\coastalmansion256.jpg,coastal_mansion,coastal_mansion,0.9739004969596863,PASS,
dataset\set 23\coastal_mansion\coastalmansion257.jpg,coastal_mansion,coastal_mansion,0.9989935755729675,PASS,
dataset\set 23\coastal_mansion\coastalmansion258.jpg,coastal_mansion,coastal_mansion,0.5960349440574646,PASS,
dataset\set 23\coastal_mansion\coastalmansion259.jpg,coastal_mansion,coastal_mansion,0.9971174001693726,PASS,
dataset\set 23\coastal_mansion\coastalmansion260.jpg,coastal_mansion,coastal_mansion,0.990358293056488,PASS,
dataset\set 23\coastal_mansion\coastalmansion261.jpg,coastal_mansion,dense_residential,0.5107364058494568,FAIL,
dataset\set 23\coastal_mansion\coastalmansion262.jpg,coastal_mansion,coastal_mansion,0.9998181462287903,PASS,
dataset\set 23\coastal_mansion\coastalmansion263.jpg,coastal_mansion,coastal_mansion,0.998325765132904,PASS,
dataset\set 23\coastal_mansion\coastalmansion264.jpg,coastal_mansion,coastal_mansion,0.9885087609291077,PASS,
dataset\set 23\coastal_mansion\coastalmansion265.jpg,coastal_mansion,coastal_mansion,0.9299725294113159,PASS,
dataset\set 23\coastal_mansion\coastalmansion266.jpg,coastal_mansion,coastal_mansion,0.9952948689460754,PASS,
dataset\set 23\coastal_mansion\coastalmansion267.jpg,coastal_mansion,coastal_mansion,0.923530638217926,PASS,
dataset\set 23\coastal_mansion\coastalmansion268.jpg,coastal_mansion,coastal_mansion,0.8601922988891602,PASS,
dataset\set 23\coastal_mansion\coastalmansion269.jpg,coastal_mansion,coastal_mansion,0.9882119297981262,PASS,
dataset\set 23\coastal_mansion\coastalmansion270.jpg,coastal_mansion,coastal_mansion,0.9766628742218018,PASS,
dataset\set 23\coastal_mansion\coastalmansion271.jpg,coastal_mansion,coastal_mansion,0.8544524908065796,PASS,
dataset\set 23\coastal_mansion\coastalmansion272.jpg,coastal_mansion,coastal_mansion,0.9978529214859009,PASS,
dataset\set 23\coastal_mansion\coastalmansion273.jpg,coastal_mansion,coastal_mansion,0.7467546463012695,PASS,
dataset\set 23\coastal_mansion\coastalmansion274.jpg,coastal_mansion,coastal_mansion,0.9982315897941589,PASS,
dataset\set 23\coastal_mansion\coastalmansion275.jpg,coastal_mansion,coastal_mansion,0.8572998046875,PASS,
dataset\set 23\coastal_mansion\coastalmansion276.jpg,coastal_mansion,coastal_mansion,0.9953933954238892,PASS,
dataset\set 23\coastal_mansion\coastalmansion277.jpg,coastal_mansion,coastal_mansion,0.984745979309082,PASS,
dataset\set 23\coastal_mansion\coastalmansion278.jpg,coastal_mansion,sparse_residential,0.5113231539726257,FAIL,
dataset\set 23\coastal_mansion\coastalmansion279.jpg,coastal_mansion,coastal_mansion,0.9798790216445923,PASS,
dataset\set 23\coastal_mansion\coastalmansion280.jpg,coastal_mansion,coastal_mansion,0.9996961355209351,PASS,
dataset\set 23\coastal_mansion\coastalmansion281.jpg,coastal_mansion,coastal_mansion,0.6918424367904663,PASS,
dataset\set 23\coastal_mansion\coastalmansion282.jpg,coastal_mansion,coastal_mansion,0.9966548681259155,PASS,
dataset\set 23\coastal_mansion\coastalmansion283.jpg,coastal_mansion,coastal_mansion,0.9926530122756958,PASS,
dataset\set 23\coastal_mansion\coastalmansion284.jpg,coastal_mansion,coastal_mansion,0.5215451121330261,PASS,
dataset\set 23\coastal_mansion\coastalmansion285.jpg,coastal_mansion,coastal_mansion,0.433581680059433,FAIL,
dataset\set 23\coastal_mansion\coastalmansion286.jpg,coastal_mansion,coastal_mansion,0.878898024559021,PASS,
dataset\set 23\coastal_mansion\coastalmansion287.jpg,coastal_mansion,coastal_mansion,0.5807753205299377,PASS,
dataset\set 23\coastal_mansion\coastalmansion288.jpg,coastal_mansion,coastal_mansion,0.9609518647193909,PASS,
dataset\set 23\coastal_mansion\coastalmansion289.jpg,coastal_mansion,coastal_mansion,0.9812983274459839,PASS,
dataset\set 23\coastal_mansion\coastalmansion290.jpg,coastal_mansion,coastal_mansion,0.9645695686340332,PASS,
dataset\set 23\coastal_mansion\coastalmansion291.jpg,coastal_mansion,coastal_mansion,0.9848148822784424,PASS,
dataset\set 23\coastal_mansion\coastalmansion292.jpg,coastal_mansion,coastal_mansion,0.8633232116699219,PASS,
dataset\set 23\coastal_mansion\coastalmansion293.jpg,coastal_mansion,coastal_mansion,0.9418529868125916,PASS,
dataset\set 23\coastal_mansion\coastalmansion294.jpg,coastal_mansion,coastal_mansion,0.7220264077186584,PASS,
dataset\set 23\coastal_mansion\coastalmansion295.jpg,coastal_mansion,coastal_mansion,0.9548494219779968,PASS,
dataset\set 23\coastal_mansion\coastalmansion296.jpg,coastal_mansion,coastal_mansion,0.9719148874282837,PASS,
dataset\set 23\coastal_mansion\coastalmansion297.jpg,coastal_mansion,coastal_mansion,0.9929405450820923,PASS,
dataset\set 23\coastal_mansion\coastalmansion298.jpg,coastal_mansion,coastal_mansion,0.9992098808288574,PASS,
dataset\set 23\coastal_mansion\coastalmansion299.jpg,coastal_mansion,coastal_mansion,0.9731753468513489,PASS,
dataset\set 23\coastal_mansion\coastalmansion300.jpg,coastal_mansion,coastal_mansion,0.9967190623283386,PASS,
dataset\set 23\coastal_mansion\coastalmansion301.jpg,coastal_mansion,coastal_mansion,0.9808101058006287,PASS,
dataset\set 23\coastal_mansion\coastalmansion302.jpg,coastal_mansion,coastal_mansion,0.9858690500259399,PASS,
dataset\set 23\coastal_mansion\coastalmansion303.jpg,coastal_mansion,coastal_mansion,0.936983585357666,PASS,
dataset\set 23\coastal_mansion\coastalmansion304.jpg,coastal_mansion,coastal_mansion,0.9978511333465576,PASS,
dataset\set 23\coastal_mansion\coastalmansion305.jpg,coastal_mansion,coastal_mansion,0.9993413090705872,PASS,
dataset\set 23\coastal_mansion\coastalmansion306.jpg,coastal_mansion,coastal_mansion,0.9921187162399292,PASS,
dataset\set 23\coastal_mansion\coastalmansion307.jpg,coastal_mansion,coastal_mansion,0.9993402361869812,PASS,
dataset\set 23\coastal_mansion\coastalmansion308.jpg,coastal_mansion,coastal_mansion,0.9981040954589844,PASS,
dataset\set 23\coastal_mansion\coastalmansion309.jpg,coastal_mansion,coastal_mansion,0.6977469325065613,PASS,
dataset\set 23\coastal_mansion\coastalmansion310.jpg,coastal_mansion,coastal_mansion,0.960637092590332,PASS,
dataset\set 23\coastal_mansion\coastalmansion311.jpg,coastal_mansion,coastal_mansion,0.9341798424720764,PASS,
dataset\set 23\coastal_mansion\coastalmansion312.jpg,coastal_mansion,coastal_mansion,0.999935507774353,PASS,
dataset\set 23\coastal_mansion\coastalmansion313.jpg,coastal_mansion,coastal_mansion,0.9956814050674438,PASS,
dataset\set 23\coastal_mansion\coastalmansion314.jpg,coastal_mansion,coastal_mansion,0.8877225518226624,PASS,
dataset\set 23\coastal_mansion\coastalmansion315.jpg,coastal_mansion,coastal_mansion,0.9903130531311035,PASS,
dataset\set 23\coastal_mansion\coastalmansion316.jpg,coastal_mansion,coastal_mansion,0.8774709105491638,PASS,
dataset\set 23\coastal_mansion\coastalmansion317.jpg,coastal_mansion,coastal_mansion,0.997285008430481,PASS,
dataset\set 23\coastal_mansion\coastalmansion318.jpg,coastal_mansion,coastal_mansion,0.917996883392334,PASS,
dataset\set 23\coastal_mansion\coastalmansion319.jpg,coastal_mansion,coastal_mansion,0.894844114780426,PASS,
dataset\set 23\coastal_mansion\coastalmansion320.jpg,coastal_mansion,coastal_mansion,0.7172307372093201,PASS,
dataset\set 23\coastal_mansion\coastalmansion321.jpg,coastal_mansion,coastal_mansion,0.9978997707366943,PASS,
dataset\set 23\coastal_mansion\coastalmansion322.jpg,coastal_mansion,coastal_mansion,0.9631796479225159,PASS,
dataset\set 23\coastal_mansion\coastalmansion323.jpg,coastal_mansion,coastal_mansion,0.9980533123016357,PASS,
dataset\set 23\coastal_mansion\coastalmansion324.jpg,coastal_mansion,coastal_mansion,0.9541473984718323,PASS,
dataset\set 23\coastal_mansion\coastalmansion325.jpg,coastal_mansion,coastal_mansion,0.9879939556121826,PASS,
dataset\set 23\coastal_mansion\coastalmansion326.jpg,coastal_mansion,coastal_mansion,0.9996354579925537,PASS,
dataset\set 23\coastal_mansion\coastalmansion327.jpg,coastal_mansion,coastal_mansion,0.8432225584983826,PASS,
dataset\set 23\coastal_mansion\coastalmansion328.jpg,coastal_mansion,coastal_mansion,0.9979056119918823,PASS,
dataset\set 23\coastal_mansion\coastalmansion329.jpg,coastal_mansion,coastal_mansion,0.8982119560241699,PASS,
dataset\set 23\coastal_mansion\coastalmansion330.jpg,coastal_mansion,dense_residential,0.954600989818573,FAIL,
dataset\set 23\coastal_mansion\coastalmansion331.jpg,coastal_mansion,coastal_mansion,0.9912919402122498,PASS,
dataset\set 23\coastal_mansion\coastalmansion332.jpg,coastal_mansion,coastal_mansion,0.9942201375961304,PASS,
dataset\set 23\coastal_mansion\coastalmansion333.jpg,coastal_mansion,coastal_mansion,0.9616572260856628,PASS,
dataset\set 23\coastal_mansion\coastalmansion334.jpg,coastal_mansion,coastal_mansion,0.9064024686813354,PASS,
dataset\set 23\coastal_mansion\coastalmansion335.jpg,coastal_mansion,coastal_mansion,0.7926768064498901,PASS,
dataset\set 23\coastal_mansion\coastalmansion336.jpg,coastal_mansion,coastal_mansion,0.9513773322105408,PASS,
dataset\set 23\coastal_mansion\coastalmansion337.jpg,coastal_mansion,coastal_mansion,0.9804449081420898,PASS,
dataset\set 23\coastal_mansion\coastalmansion338.jpg,coastal_mansion,coastal_mansion,0.9825432300567627,PASS,
dataset\set 23\coastal_mansion\coastalmansion339.jpg,coastal_mansion,coastal_mansion,0.9968888163566589,PASS,
dataset\set 23\coastal_mansion\coastalmansion340.jpg,coastal_mansion,coastal_mansion,0.9999160766601562,PASS,
dataset\set 23\coastal_mansion\coastalmansion341.jpg,coastal_mansion,coastal_mansion,0.9994291663169861,PASS,
dataset\set 23\coastal_mansion\coastalmansion342.jpg,coastal_mansion,coastal_mansion,0.9898603558540344,PASS,
dataset\set 23\coastal_mansion\coastalmansion343.jpg,coastal_mansion,coastal_mansion,0.9326846599578857,PASS,
dataset\set 23\coastal_mansion\coastalmansion344.jpg,coastal_mansion,coastal_mansion,0.9974623918533325,PASS,
dataset\set 23\coastal_mansion\coastalmansion345.jpg,coastal_mansion,coastal_mansion,0.9832590818405151,PASS,
dataset\set 23\coastal_mansion\coastalmansion346.jpg,coastal_mansion,coastal_mansion,0.8891541957855225,PASS,
dataset\set 23\coastal_mansion\coastalmansion347.jpg,coastal_mansion,coastal_mansion,0.9872670769691467,PASS,
dataset\set 23\coastal_mansion\coastalmansion348.jpg,coastal_mansion,coastal_mansion,0.9897637367248535,PASS,
dataset\set 23\coastal_mansion\coastalmansion349.jpg,coastal_mansion,coastal_mansion,0.9455188512802124,PASS,
dataset\set 23\coastal_mansion\coastalmansion350.jpg,coastal_mansion,coastal_mansion,0.5232126116752625,PASS,
dataset\set 23\coastal_mansion\coastalmansion351.jpg,coastal_mansion,coastal_mansion,0.9914571642875671,PASS,
dataset\set 23\coastal_mansion\coastalmansion352.jpg,coastal_mansion,coastal_mansion,0.970945417881012,PASS,
dataset\set 23\coastal_mansion\coastalmansion353.jpg,coastal_mansion,dense_residential,0.5884802937507629,FAIL,
dataset\set 23\coastal_mansion\coastalmansion354.jpg,coastal_mansion,coastal_mansion,0.753180742263794,PASS,
dataset\set 23\coastal_mansion\coastalmansion355.jpg,coastal_mansion,coastal_mansion,0.9183236956596375,PASS,
dataset\set 23\coastal_mansion\coastalmansion356.jpg,coastal_mansion,coastal_mansion,0.6896320581436157,PASS,
dataset\set 23\coastal_mansion\coastalmansion357.jpg,coastal_mansion,coastal_mansion,0.9780009984970093,PASS,
dataset\set 23\coastal_mansion\coastalmansion358.jpg,coastal_mansion,coastal_mansion,0.922728419303894,PASS,
dataset\set 23\coastal_mansion\coastalmansion359.jpg,coastal_mansion,coastal_mansion,0.911395788192749,PASS,
dataset\set 23\coastal_mansion\coastalmansion360.jpg,coastal_mansion,coastal_mansion,0.9653394818305969,PASS,
dataset\set 23\coastal_mansion\coastalmansion361.jpg,coastal_mansion,coastal_mansion,0.9998569488525391,PASS,
dataset\set 23\coastal_mansion\coastalmansion362.jpg,coastal_mansion,coastal_mansion,0.9934321641921997,PASS,
dataset\set 23\coastal_mansion\coastalmansion363.jpg,coastal_mansion,coastal_mansion,0.9684536457061768,PASS,
dataset\set 23\coastal_mansion\coastalmansion364.jpg,coastal_mansion,coastal_mansion,0.9998831748962402,PASS,
dataset\set 23\coastal_mansion\coastalmansion365.jpg,coastal_mansion,coastal_mansion,0.9719839096069336,PASS,
dataset\set 23\coastal_mansion\coastalmansion366.jpg,coastal_mansion,coastal_mansion,0.9884228110313416,PASS,
dataset\set 23\coastal_mansion\coastalmansion367.jpg,coastal_mansion,coastal_mansion,0.8487151265144348,PASS,
dataset\set 23\coastal_mansion\coastalmansion368.jpg,coastal_mansion,coastal_mansion,0.9750078916549683,PASS,
dataset\set 23\coastal_mansion\coastalmansion369.jpg,coastal_mansion,coastal_mansion,0.9998739957809448,PASS,
dataset\set 23\coastal_mansion\coastalmansion370.jpg,coastal_mansion,coastal_mansion,0.9799456596374512,PASS,
dataset\set 23\coastal_mansion\coastalmansion371.jpg,coastal_mansion,coastal_mansion,0.9403136968612671,PASS,
dataset\set 23\coastal_mansion\coastalmansion372.jpg,coastal_mansion,coastal_mansion,0.9854226112365723,PASS,
dataset\set 23\coastal_mansion\coastalmansion373.jpg,coastal_mansion,coastal_mansion,0.9948522448539734,PASS,
dataset\set 23\coastal_mansion\coastalmansion374.jpg,coastal_mansion,coastal_mansion,0.9911777377128601,PASS,
dataset\set 23\coastal_mansion\coastalmansion375.jpg,coastal_mansion,coastal_mansion,0.9992551207542419,PASS,
dataset\set 23\coastal_mansion\coastalmansion376.jpg,coastal_mansion,coastal_mansion,0.9936562180519104,PASS,
dataset\set 23\coastal_mansion\coastalmansion377.jpg,coastal_mansion,coastal_mansion,0.9980664849281311,PASS,
dataset\set 23\coastal_mansion\coastalmansion378.jpg,coastal_mansion,coastal_mansion,0.975798487663269,PASS,
dataset\set 23\coastal_mansion\coastalmansion379.jpg,coastal_mansion,coastal_mansion,0.9900366067886353,PASS,
dataset\set 23\coastal_mansion\coastalmansion380.jpg,coastal_mansion,coastal_mansion,0.9952653646469116,PASS,
dataset\set 23\coastal_mansion\coastalmansion381.jpg,coastal_mansion,coastal_mansion,0.9570670127868652,PASS,
dataset\set 23\coastal_mansion\coastalmansion382.jpg,coastal_mansion,coastal_mansion,0.6361247897148132,PASS,
dataset\set 23\coastal_mansion\coastalmansion383.jpg,coastal_mansion,coastal_mansion,0.6700726747512817,PASS,
dataset\set 23\coastal_mansion\coastalmansion384.jpg,coastal_mansion,coastal_mansion,0.9156140685081482,PASS,
dataset\set 23\coastal_mansion\coastalmansion385.jpg,coastal_mansion,coastal_mansion,0.9458917379379272,PASS,
dataset\set 23\coastal_mansion\coastalmansion386.jpg,coastal_mansion,coastal_mansion,0.9986376166343689,PASS,
dataset\set 23\coastal_mansion\coastalmansion387.jpg,coastal_mansion,coastal_mansion,0.9989103078842163,PASS,
dataset\set 23\coastal_mansion\coastalmansion388.jpg,coastal_mansion,coastal_mansion,0.9916436076164246,PASS,
dataset\set 23\coastal_mansion\coastalmansion389.jpg,coastal_mansion,coastal_mansion,0.9973614811897278,PASS,
dataset\set 23\coastal_mansion\coastalmansion390.jpg,coastal_mansion,coastal_mansion,0.980411171913147,PASS,
dataset\set 23\coastal_mansion\coastalmansion391.jpg,coastal_mansion,coastal_mansion,0.9379539489746094,PASS,
dataset\set 23\coastal_mansion\coastalmansion392.jpg,coastal_mansion,coastal_mansion,0.9983543157577515,PASS,
dataset\set 23\coastal_mansion\coastalmansion393.jpg,coastal_mansion,coastal_mansion,0.9999539852142334,PASS,
dataset\set 23\coastal_mansion\coastalmansion394.jpg,coastal_mansion,coastal_mansion,0.9992929697036743,PASS,
dataset\set 23\coastal_mansion\coastalmansion395.jpg,coastal_mansion,coastal_mansion,0.9986178874969482,PASS,
dataset\set 23\coastal_mansion\coastalmansion396.jpg,coastal_mansion,coastal_mansion,0.9741382002830505,PASS,
dataset\set 23\coastal_mansion\coastalmansion397.jpg,coastal_mansion,coastal_mansion,0.9667880535125732,PASS,
dataset\set 23\coastal_mansion\coastalmansion398.jpg,coastal_mansion,coastal_mansion,0.9970611929893494,PASS,
dataset\set 23\coastal_mansion\coastalmansion399.jpg,coastal_mansion,coastal_mansion,0.9066370129585266,PASS,
dataset\set 23\coastal_mansion\coastalmansion400.jpg,coastal_mansion,coastal_mansion,0.9999963045120239,PASS,
dataset\set 23\coastal_mansion\coastalmansion401.jpg,coastal_mansion,coastal_mansion,0.9994670748710632,PASS,
dataset\set 23\coastal_mansion\coastalmansion402.jpg,coastal_mansion,coastal_mansion,0.9376749396324158,PASS,
dataset\set 23\coastal_mansion\coastalmansion403.jpg,coastal_mansion,coastal_mansion,0.9999377727508545,PASS,
dataset\set 23\coastal_mansion\coastalmansion404.jpg,coastal_mansion,coastal_mansion,0.9997724890708923,PASS,
dataset\set 23\coastal_mansion\coastalmansion405.jpg,coastal_mansion,coastal_mansion,0.99951171875,PASS,
dataset\set 23\coastal_mansion\coastalmansion406.jpg,coastal_mansion,coastal_mansion,0.999870777130127,PASS,
dataset\set 23\coastal_mansion\coastalmansion407.jpg,coastal_mansion,coastal_mansion,0.9957062602043152,PASS,
dataset\set 23\coastal_mansion\coastalmansion408.jpg,coastal_mansion,dense_residential,0.7808392643928528,FAIL,
dataset\set 23\coastal_mansion\coastalmansion409.jpg,coastal_mansion,coastal_mansion,0.9990575909614563,PASS,
dataset\set 23\coastal_mansion\coastalmansion410.jpg,coastal_mansion,coastal_mansion,0.9957743287086487,PASS,
dataset\set 23\coastal_mansion\coastalmansion411.jpg,coastal_mansion,coastal_mansion,0.8941805362701416,PASS,
dataset\set 23\coastal_mansion\coastalmansion412.jpg,coastal_mansion,dense_residential,0.5925329327583313,FAIL,
dataset\set 23\coastal_mansion\coastalmansion413.jpg,coastal_mansion,coastal_mansion,0.9892844557762146,PASS,
dataset\set 23\coastal_mansion\coastalmansion414.jpg,coastal_mansion,coastal_mansion,0.9163565039634705,PASS,
dataset\set 23\coastal_mansion\coastalmansion415.jpg,coastal_mansion,coastal_mansion,0.9848874807357788,PASS,
dataset\set 23\coastal_mansion\coastalmansion416.jpg,coastal_mansion,coastal_mansion,0.7634059190750122,PASS,
dataset\set 23\coastal_mansion\coastalmansion417.jpg,coastal_mansion,coastal_mansion,0.7994882464408875,PASS,
dataset\set 23\coastal_mansion\coastalmansion418.jpg,coastal_mansion,coastal_mansion,0.9082447290420532,PASS,
dataset\set 23\coastal_mansion\coastalmansion419.jpg,coastal_mansion,coastal_mansion,0.8733050227165222,PASS,
dataset\set 23\coastal_mansion\coastalmansion420.jpg,coastal_mansion,coastal_mansion,0.8697507977485657,PASS,
dataset\set 23\coastal_mansion\coastalmansion421.jpg,coastal_mansion,coastal_mansion,0.996367335319519,PASS,
dataset\set 23\coastal_mansion\coastalmansion422.jpg,coastal_mansion,coastal_mansion,0.9990642666816711,PASS,
dataset\set 23\coastal_mansion\coastalmansion423.jpg,coastal_mansion,coastal_mansion,0.6129210591316223,PASS,
dataset\set 23\coastal_mansion\coastalmansion424.jpg,coastal_mansion,coastal_mansion,0.9949319958686829,PASS,
dataset\set 23\coastal_mansion\coastalmansion425.jpg,coastal_mansion,coastal_mansion,0.9772151112556458,PASS,
dataset\set 23\coastal_mansion\coastalmansion426.jpg,coastal_mansion,coastal_mansion,0.7421319484710693,PASS,
dataset\set 23\coastal_mansion\coastalmansion427.jpg,coastal_mansion,coastal_mansion,0.9969520568847656,PASS,
dataset\set 23\coastal_mansion\coastalmansion428.jpg,coastal_mansion,coastal_mansion,0.7987884879112244,PASS,
dataset\set 23\coastal_mansion\coastalmansion429.jpg,coastal_mansion,coastal_mansion,0.7780646085739136,PASS,
dataset\set 23\coastal_mansion\coastalmansion430.jpg,coastal_mansion,coastal_mansion,0.8924652934074402,PASS,
dataset\set 23\coastal_mansion\coastalmansion431.jpg,coastal_mansion,coastal_mansion,0.8874236345291138,PASS,
dataset\set 23\coastal_mansion\coastalmansion432.jpg,coastal_mansion,coastal_mansion,0.9239157438278198,PASS,
dataset\set 23\coastal_mansion\coastalmansion433.jpg,coastal_mansion,coastal_mansion,0.8987259268760681,PASS,
dataset\set 23\coastal_mansion\coastalmansion434.jpg,coastal_mansion,coastal_mansion,0.789180338382721,PASS,
dataset\set 23\coastal_mansion\coastalmansion435.jpg,coastal_mansion,coastal_mansion,0.9711419939994812,PASS,
dataset\set 23\coastal_mansion\coastalmansion436.jpg,coastal_mansion,coastal_mansion,0.9877826571464539,PASS,
dataset\set 23\coastal_mansion\coastalmansion437.jpg,coastal_mansion,coastal_mansion,0.8453822731971741,PASS,
dataset\set 23\coastal_mansion\coastalmansion438.jpg,coastal_mansion,coastal_mansion,0.8028548359870911,PASS,
dataset\set 23\coastal_mansion\coastalmansion439.jpg,coastal_mansion,coastal_mansion,0.976484477519989,PASS,
dataset\set 23\coastal_mansion\coastalmansion440.jpg,coastal_mansion,coastal_mansion,0.9145352840423584,PASS,
dataset\set 23\coastal_mansion\coastalmansion441.jpg,coastal_mansion,coastal_mansion,0.8210704326629639,PASS,
dataset\set 23\coastal_mansion\coastalmansion442.jpg,coastal_mansion,coastal_mansion,0.9968357682228088,PASS,
dataset\set 23\coastal_mansion\coastalmansion443.jpg,coastal_mansion,coastal_mansion,0.8553799986839294,PASS,
dataset\set 23\coastal_mansion\coastalmansion444.jpg,coastal_mansion,coastal_mansion,0.9965267777442932,PASS,
dataset\set 23\coastal_mansion\coastalmansion445.jpg,coastal_mansion,coastal_mansion,0.6423248648643494,PASS,
dataset\set 23\coastal_mansion\coastalmansion446.jpg,coastal_mansion,coastal_mansion,0.9182171821594238,PASS,
dataset\set 23\coastal_mansion\coastalmansion447.jpg,coastal_mansion,coastal_mansion,0.9843218326568604,PASS,
dataset\set 23\coastal_mansion\coastalmansion448.jpg,coastal_mansion,coastal_mansion,0.9178179502487183,PASS,
dataset\set 23\coastal_mansion\coastalmansion449.jpg,coastal_mansion,coastal_mansion,0.9513396620750427,PASS,
dataset\set 23\coastal_mansion\coastalmansion450.jpg,coastal_mansion,coastal_mansion,0.991141676902771,PASS,
dataset\set 23\coastal_mansion\coastalmansion451.jpg,coastal_mansion,coastal_mansion,0.8095462918281555,PASS,
dataset\set 23\coastal_mansion\coastalmansion452.jpg,coastal_mansion,coastal_mansion,0.9705358147621155,PASS,
dataset\set 23\coastal_mansion\coastalmansion453.jpg,coastal_mansion,coastal_mansion,0.9995716214179993,PASS,
dataset\set 23\coastal_mansion\coastalmansion454.jpg,coastal_mansion,coastal_mansion,0.6434289216995239,PASS,
dataset\set 23\coastal_mansion\coastalmansion455.jpg,coastal_mansion,coastal_mansion,0.994128942489624,PASS,
dataset\set 23\coastal_mansion\coastalmansion456.jpg,coastal_mansion,coastal_mansion,0.6392972469329834,PASS,
dataset\set 23\coastal_mansion\coastalmansion457.jpg,coastal_mansion,coastal_mansion,0.9991002082824707,PASS,
dataset\set 23\coastal_mansion\coastalmansion458.jpg,coastal_mansion,sparse_residential,0.5991933345794678,FAIL,
dataset\set 23\coastal_mansion\coastalmansion459.jpg,coastal_mansion,coastal_mansion,0.9957875609397888,PASS,
dataset\set 23\coastal_mansion\coastalmansion460.jpg,coastal_mansion,sparse_residential,0.6370430588722229,FAIL,
dataset\set 23\coastal_mansion\coastalmansion461.jpg,coastal_mansion,coastal_mansion,0.9841637015342712,PASS,
dataset\set 23\coastal_mansion\coastalmansion462.jpg,coastal_mansion,coastal_mansion,0.9979239702224731,PASS,
dataset\set 23\coastal_mansion\coastalmansion463.jpg,coastal_mansion,coastal_mansion,0.9981163740158081,PASS,
dataset\set 23\coastal_mansion\coastalmansion464.jpg,coastal_mansion,coastal_mansion,0.8634335398674011,PASS,
dataset\set 23\coastal_mansion\coastalmansion465.jpg,coastal_mansion,coastal_mansion,0.9969419836997986,PASS,
dataset\set 23\coastal_mansion\coastalmansion466.jpg,coastal_mansion,coastal_mansion,0.7810624241828918,PASS,
dataset\set 23\coastal_mansion\coastalmansion467.jpg,coastal_mansion,coastal_mansion,0.7595466375350952,PASS,
dataset\set 23\coastal_mansion\coastalmansion468.jpg,coastal_mansion,coastal_mansion,0.7680073380470276,PASS,
dataset\set 23\coastal_mansion\coastalmansion469.jpg,coastal_mansion,coastal_mansion,0.9559744596481323,PASS,
dataset\set 23\coastal_mansion\coastalmansion470.jpg,coastal_mansion,coastal_mansion,0.9956647753715515,PASS,
dataset\set 23\coastal_mansion\coastalmansion471.jpg,coastal_mansion,coastal_mansion,0.9969808459281921,PASS,
dataset\set 23\coastal_mansion\coastalmansion472.jpg,coastal_mansion,coastal_mansion,0.977049708366394,PASS,
dataset\set 23\coastal_mansion\coastalmansion473.jpg,coastal_mansion,coastal_mansion,0.9973220229148865,PASS,
dataset\set 23\coastal_mansion\coastalmansion474.jpg,coastal_mansion,coastal_mansion,0.9961417317390442,PASS,
dataset\set 23\coastal_mansion\coastalmansion475.jpg,coastal_mansion,coastal_mansion,0.999275267124176,PASS,
dataset\set 23\coastal_mansion\coastalmansion476.jpg,coastal_mansion,coastal_mansion,0.9514310956001282,PASS,
dataset\set 23\coastal_mansion\coastalmansion477.jpg,coastal_mansion,coastal_mansion,0.8841251730918884,PASS,
dataset\set 23\coastal_mansion\coastalmansion478.jpg,coastal_mansion,coastal_mansion,0.9990359544754028,PASS,
dataset\set 23\coastal_mansion\coastalmansion479.jpg,coastal_mansion,coastal_mansion,0.9825970530509949,PASS,
dataset\set 23\coastal_mansion\coastalmansion480.jpg,coastal_mansion,coastal_mansion,0.999297022819519,PASS,
dataset\set 23\coastal_mansion\coastalmansion481.jpg,coastal_mansion,coastal_mansion,0.993709921836853,PASS,
dataset\set 23\coastal_mansion\coastalmansion482.jpg,coastal_mansion,coastal_mansion,0.9999616146087646,PASS,
dataset\set 23\coastal_mansion\coastalmansion483.jpg,coastal_mansion,coastal_mansion,0.9912678599357605,PASS,
dataset\set 23\coastal_mansion\coastalmansion484.jpg,coastal_mansion,coastal_mansion,0.9982213377952576,PASS,
dataset\set 23\coastal_mansion\coastalmansion485.jpg,coastal_mansion,coastal_mansion,0.9691702127456665,PASS,
dataset\set 23\coastal_mansion\coastalmansion486.jpg,coastal_mansion,coastal_mansion,0.9978674650192261,PASS,
dataset\set 23\coastal_mansion\coastalmansion487.jpg,coastal_mansion,coastal_mansion,0.9821459650993347,PASS,
dataset\set 23\coastal_mansion\coastalmansion488.jpg,coastal_mansion,coastal_mansion,0.999910831451416,PASS,
dataset\set 23\coastal_mansion\coastalmansion489.jpg,coastal_mansion,coastal_mansion,0.9837015867233276,PASS,
dataset\set 23\coastal_mansion\coastalmansion490.jpg,coastal_mansion,coastal_mansion,0.9996771812438965,PASS,
dataset\set 23\coastal_mansion\coastalmansion491.jpg,coastal_mansion,coastal_mansion,0.7251954078674316,PASS,
dataset\set 23\coastal_mansion\coastalmansion492.jpg,coastal_mansion,coastal_mansion,0.9996563196182251,PASS,
dataset\set 23\coastal_mansion\coastalmansion493.jpg,coastal_mansion,coastal_mansion,0.999450147151947,PASS,
dataset\set 23\coastal_mansion\coastalmansion494.jpg,coastal_mansion,coastal_mansion,0.9998403787612915,PASS,
dataset\set 23\coastal_mansion\coastalmansion495.jpg,coastal_mansion,coastal_mansion,0.8873528838157654,PASS,
dataset\set 23\coastal_mansion\coastalmansion496.jpg,coastal_mansion,coastal_mansion,0.9911124110221863,PASS,
dataset\set 23\coastal_mansion\coastalmansion497.jpg,coastal_mansion,coastal_mansion,0.9912575483322144,PASS,
dataset\set 23\coastal_mansion\coastalmansion498.jpg,coastal_mansion,coastal_mansion,0.9995749592781067,PASS,
dataset\set 23\coastal_mansion\coastalmansion499.jpg,coastal_mansion,coastal_mansion,0.9972999691963196,PASS,
dataset\set 23\coastal_mansion\coastalmansion500.jpg,coastal_mansion,coastal_mansion,0.9873881936073303,PASS,
dataset\set 23\coastal_mansion\coastalmansion501.jpg,coastal_mansion,coastal_mansion,0.9739052057266235,PASS,
dataset\set 23\coastal_mansion\coastalmansion502.jpg,coastal_mansion,coastal_mansion,0.9722842574119568,PASS,
dataset\set 23\coastal_mansion\coastalmansion503.jpg,coastal_mansion,coastal_mansion,0.9413533806800842,PASS,
dataset\set 23\coastal_mansion\coastalmansion504.jpg,coastal_mansion,coastal_mansion,0.9846210479736328,PASS,
dataset\set 23\coastal_mansion\coastalmansion505.jpg,coastal_mansion,coastal_mansion,0.9797260165214539,PASS,
dataset\set 23\coastal_mansion\coastalmansion506.jpg,coastal_mansion,coastal_mansion,0.9989890456199646,PASS,
dataset\set 23\coastal_mansion\coastalmansion507.jpg,coastal_mansion,coastal_mansion,0.9889289736747742,PASS,
dataset\set 23\coastal_mansion\coastalmansion508.jpg,coastal_mansion,coastal_mansion,0.9972297549247742,PASS,
dataset\set 23\coastal_mansion\coastalmansion509.jpg,coastal_mansion,coastal_mansion,0.7403908967971802,PASS,
dataset\set 23\coastal_mansion\coastalmansion510.jpg,coastal_mansion,coastal_mansion,0.9938406944274902,PASS,
dataset\set 23\coastal_mansion\coastalmansion511.jpg,coastal_mansion,coastal_mansion,0.7179151177406311,PASS,
dataset\set 23\coastal_mansion\coastalmansion512.jpg,coastal_mansion,coastal_mansion,0.9804153442382812,PASS,
dataset\set 23\coastal_mansion\coastalmansion513.jpg,coastal_mansion,coastal_mansion,0.9244950413703918,PASS,
dataset\set 23\coastal_mansion\coastalmansion514.jpg,coastal_mansion,coastal_mansion,0.9920368194580078,PASS,
dataset\set 23\coastal_mansion\coastalmansion515.jpg,coastal_mansion,coastal_mansion,0.9924710988998413,PASS,
dataset\set 23\coastal_mansion\coastalmansion516.jpg,coastal_mansion,coastal_mansion,0.9982471466064453,PASS,
dataset\set 23\coastal_mansion\coastalmansion517.jpg,coastal_mansion,coastal_mansion,0.8489867448806763,PASS,
dataset\set 23\coastal_mansion\coastalmansion518.jpg,coastal_mansion,coastal_mansion,0.8486520648002625,PASS,
dataset\set 23\coastal_mansion\coastalmansion519.jpg,coastal_mansion,coastal_mansion,0.9973611235618591,PASS,
dataset\set 23\coastal_mansion\coastalmansion520.jpg,coastal_mansion,coastal_mansion,0.9980980753898621,PASS,
dataset\set 23\coastal_mansion\coastalmansion521.jpg,coastal_mansion,coastal_mansion,0.9962102174758911,PASS,
dataset\set 23\coastal_mansion\coastalmansion522.jpg,coastal_mansion,coastal_mansion,0.9835004806518555,PASS,
dataset\set 23\coastal_mansion\coastalmansion523.jpg,coastal_mansion,coastal_mansion,0.6698014140129089,PASS,
dataset\set 23\coastal_mansion\coastalmansion524.jpg,coastal_mansion,coastal_mansion,0.9726018309593201,PASS,
dataset\set 23\coastal_mansion\coastalmansion525.jpg,coastal_mansion,coastal_mansion,0.9909937977790833,PASS,
dataset\set 23\coastal_mansion\coastalmansion526.jpg,coastal_mansion,coastal_mansion,0.955778181552887,PASS,
dataset\set 23\coastal_mansion\coastalmansion527.jpg,coastal_mansion,coastal_mansion,0.987650454044342,PASS,
dataset\set 23\coastal_mansion\coastalmansion528.jpg,coastal_mansion,coastal_mansion,0.9835172891616821,PASS,
dataset\set 23\coastal_mansion\coastalmansion529.jpg,coastal_mansion,coastal_mansion,0.9236265420913696,PASS,
dataset\set 23\coastal_mansion\coastalmansion530.jpg,coastal_mansion,coastal_mansion,0.9642006158828735,PASS,
dataset\set 23\coastal_mansion\coastalmansion531.jpg,coastal_mansion,coastal_mansion,0.9571194052696228,PASS,
dataset\set 23\coastal_mansion\coastalmansion532.jpg,coastal_mansion,coastal_mansion,0.965229868888855,PASS,
dataset\set 23\coastal_mansion\coastalmansion533.jpg,coastal_mansion,coastal_mansion,0.970446765422821,PASS,
dataset\set 23\coastal_mansion\coastalmansion534.jpg,coastal_mansion,coastal_mansion,0.9662461280822754,PASS,
dataset\set 23\coastal_mansion\coastalmansion535.jpg,coastal_mansion,coastal_mansion,0.954319179058075,PASS,
dataset\set 23\coastal_mansion\coastalmansion536.jpg,coastal_mansion,coastal_mansion,0.6297195553779602,PASS,
dataset\set 23\coastal_mansion\coastalmansion537.jpg,coastal_mansion,coastal_mansion,0.7136512398719788,PASS,
dataset\set 23\coastal_mansion\coastalmansion538.jpg,coastal_mansion,coastal_mansion,0.984260618686676,PASS,
dataset\set 23\coastal_mansion\coastalmansion539.jpg,coastal_mansion,coastal_mansion,0.9162251949310303,PASS,
dataset\set 23\coastal_mansion\coastalmansion540.jpg,coastal_mansion,coastal_mansion,0.9427671432495117,PASS,
dataset\set 23\coastal_mansion\coastalmansion541.jpg,coastal_mansion,coastal_mansion,0.960749089717865,PASS,
dataset\set 23\coastal_mansion\coastalmansion542.jpg,coastal_mansion,coastal_mansion,0.8281646966934204,PASS,
dataset\set 23\coastal_mansion\coastalmansion543.jpg,coastal_mansion,coastal_mansion,0.9943152070045471,PASS,
dataset\set 23\coastal_mansion\coastalmansion544.jpg,coastal_mansion,coastal_mansion,0.9834396243095398,PASS,
dataset\set 23\coastal_mansion\coastalmansion545.jpg,coastal_mansion,coastal_mansion,0.9578576683998108,PASS,
dataset\set 23\coastal_mansion\coastalmansion546.jpg,coastal_mansion,coastal_mansion,0.9548549652099609,PASS,
dataset\set 23\coastal_mansion\coastalmansion547.jpg,coastal_mansion,coastal_mansion,0.9815068244934082,PASS,
dataset\set 23\coastal_mansion\coastalmansion548.jpg,coastal_mansion,coastal_mansion,0.969207227230072,PASS,
dataset\set 23\coastal_mansion\coastalmansion549.jpg,coastal_mansion,coastal_mansion,0.9932126998901367,PASS,
dataset\set 23\coastal_mansion\coastalmansion550.jpg,coastal_mansion,coastal_mansion,0.9918252229690552,PASS,
dataset\set 23\coastal_mansion\coastalmansion551.jpg,coastal_mansion,coastal_mansion,0.7892906665802002,PASS,
dataset\set 23\coastal_mansion\coastalmansion552.jpg,coastal_mansion,coastal_mansion,0.9736199378967285,PASS,
dataset\set 23\coastal_mansion\coastalmansion553.jpg,coastal_mansion,coastal_mansion,0.9696235656738281,PASS,
dataset\set 23\coastal_mansion\coastalmansion554.jpg,coastal_mansion,coastal_mansion,0.965195894241333,PASS,
dataset\set 23\coastal_mansion\coastalmansion555.jpg,coastal_mansion,coastal_mansion,0.4615477919578552,FAIL,
dataset\set 23\coastal_mansion\coastalmansion556.jpg,coastal_mansion,coastal_mansion,0.9067415595054626,PASS,
dataset\set 23\coastal_mansion\coastalmansion557.jpg,coastal_mansion,coastal_mansion,0.9952678084373474,PASS,
dataset\set 23\coastal_mansion\coastalmansion558.jpg,coastal_mansion,coastal_mansion,0.6315532326698303,PASS,
dataset\set 23\coastal_mansion\coastalmansion559.jpg,coastal_mansion,dense_residential,0.9543949961662292,FAIL,
dataset\set 23\coastal_mansion\coastalmansion560.jpg,coastal_mansion,dense_residential,0.9747728705406189,FAIL,
dataset\set 23\coastal_mansion\coastalmansion561.jpg,coastal_mansion,coastal_mansion,0.8524299263954163,PASS,
dataset\set 23\coastal_mansion\coastalmansion562.jpg,coastal_mansion,coastal_mansion,0.9964237809181213,PASS,
dataset\set 23\coastal_mansion\coastalmansion563.jpg,coastal_mansion,coastal_mansion,0.9058758616447449,PASS,
dataset\set 23\coastal_mansion\coastalmansion564.jpg,coastal_mansion,coastal_mansion,0.9609981775283813,PASS,
dataset\set 23\coastal_mansion\coastalmansion565.jpg,coastal_mansion,coastal_mansion,0.9294792413711548,PASS,
dataset\set 23\coastal_mansion\coastalmansion566.jpg,coastal_mansion,coastal_mansion,0.9963548183441162,PASS,
dataset\set 23\coastal_mansion\coastalmansion567.jpg,coastal_mansion,coastal_mansion,0.9150567650794983,PASS,
dataset\set 23\coastal_mansion\coastalmansion568.jpg,coastal_mansion,coastal_mansion,0.9728270769119263,PASS,
dataset\set 23\coastal_mansion\coastalmansion569.jpg,coastal_mansion,coastal_mansion,0.9381713271141052,PASS,
dataset\set 23\coastal_mansion\coastalmansion570.jpg,coastal_mansion,coastal_mansion,0.9413082599639893,PASS,
dataset\set 23\coastal_mansion\coastalmansion571.jpg,coastal_mansion,dense_residential,0.5017169713973999,FAIL,
dataset\set 23\coastal_mansion\coastalmansion572.jpg,coastal_mansion,coastal_mansion,0.9789889454841614,PASS,
dataset\set 23\coastal_mansion\coastalmansion573.jpg,coastal_mansion,sparse_residential,0.6473843455314636,FAIL,
dataset\set 23\coastal_mansion\coastalmansion574.jpg,coastal_mansion,coastal_mansion,0.9636914134025574,PASS,
dataset\set 23\coastal_mansion\coastalmansion575.jpg,coastal_mansion,coastal_mansion,0.9435423016548157,PASS,
dataset\set 23\coastal_mansion\coastalmansion576.jpg,coastal_mansion,coastal_mansion,0.9951974749565125,PASS,
dataset\set 23\coastal_mansion\coastalmansion577.jpg,coastal_mansion,coastal_mansion,0.9975301623344421,PASS,
dataset\set 23\coastal_mansion\coastalmansion578.jpg,coastal_mansion,coastal_mansion,0.572385311126709,PASS,
dataset\set 23\coastal_mansion\coastalmansion579.jpg,coastal_mansion,coastal_mansion,0.7542281746864319,PASS,
dataset\set 23\coastal_mansion\coastalmansion580.jpg,coastal_mansion,coastal_mansion,0.9558603167533875,PASS,
dataset\set 23\coastal_mansion\coastalmansion581.jpg,coastal_mansion,coastal_mansion,0.9999127388000488,PASS,
dataset\set 23\coastal_mansion\coastalmansion582.jpg,coastal_mansion,coastal_mansion,0.8051960468292236,PASS,
dataset\set 23\coastal_mansion\coastalmansion583.jpg,coastal_mansion,coastal_mansion,0.7806849479675293,PASS,
dataset\set 23\coastal_mansion\coastalmansion584.jpg,coastal_mansion,coastal_mansion,0.9871331453323364,PASS,
dataset\set 23\coastal_mansion\coastalmansion585.jpg,coastal_mansion,coastal_mansion,0.6249834299087524,PASS,
dataset\set 23\coastal_mansion\coastalmansion586.jpg,coastal_mansion,coastal_mansion,0.9063394069671631,PASS,
dataset\set 23\coastal_mansion\coastalmansion587.jpg,coastal_mansion,coastal_mansion,0.6677349209785461,PASS,
dataset\set 23\coastal_mansion\coastalmansion588.jpg,coastal_mansion,coastal_mansion,0.9740288257598877,PASS,
dataset\set 23\coastal_mansion\coastalmansion589.jpg,coastal_mansion,coastal_mansion,0.9849405884742737,PASS,
dataset\set 23\coastal_mansion\coastalmansion590.jpg,coastal_mansion,coastal_mansion,0.991878867149353,PASS,
dataset\set 23\coastal_mansion\coastalmansion591.jpg,coastal_mansion,coastal_mansion,0.9829882979393005,PASS,
dataset\set 23\coastal_mansion\coastalmansion592.jpg,coastal_mansion,coastal_mansion,0.8964889049530029,PASS,
dataset\set 23\coastal_mansion\coastalmansion593.jpg,coastal_mansion,coastal_mansion,0.9248426556587219,PASS,
dataset\set 23\coastal_mansion\coastalmansion594.jpg,coastal_mansion,coastal_mansion,0.9782866835594177,PASS,
dataset\set 23\coastal_mansion\coastalmansion595.jpg,coastal_mansion,coastal_mansion,0.9703984260559082,PASS,
dataset\set 23\coastal_mansion\coastalmansion596.jpg,coastal_mansion,coastal_mansion,0.974334716796875,PASS,
dataset\set 23\coastal_mansion\coastalmansion597.jpg,coastal_mansion,coastal_mansion,0.9890615940093994,PASS,
dataset\set 23\coastal_mansion\coastalmansion598.jpg,coastal_mansion,coastal_mansion,0.9871543645858765,PASS,
dataset\set 23\coastal_mansion\coastalmansion599.jpg,coastal_mansion,coastal_mansion,0.9694257974624634,PASS,
dataset\set 23\coastal_mansion\coastalmansion600.jpg,coastal_mansion,coastal_mansion,0.9974121451377869,PASS,
dataset\set 23\coastal_mansion\coastalmansion601.jpg,coastal_mansion,coastal_mansion,0.9840988516807556,PASS,
dataset\set 23\coastal_mansion\coastalmansion602.jpg,coastal_mansion,coastal_mansion,0.9538542032241821,PASS,
dataset\set 23\coastal_mansion\coastalmansion603.jpg,coastal_mansion,coastal_mansion,0.9675100445747375,PASS,
dataset\set 23\coastal_mansion\coastalmansion604.jpg,coastal_mansion,coastal_mansion,0.9670831561088562,PASS,
dataset\set 23\coastal_mansion\coastalmansion605.jpg,coastal_mansion,coastal_mansion,0.9742787480354309,PASS,
dataset\set 23\coastal_mansion\coastalmansion606.jpg,coastal_mansion,coastal_mansion,0.9257122278213501,PASS,
dataset\set 23\coastal_mansion\coastalmansion607.jpg,coastal_mansion,coastal_mansion,0.9212105870246887,PASS,
dataset\set 23\coastal_mansion\coastalmansion608.jpg,coastal_mansion,coastal_mansion,0.5062993168830872,PASS,
dataset\set 23\coastal_mansion\coastalmansion609.jpg,coastal_mansion,coastal_mansion,0.9528826475143433,PASS,
dataset\set 23\coastal_mansion\coastalmansion610.jpg,coastal_mansion,coastal_mansion,0.8597118854522705,PASS,
dataset\set 23\coastal_mansion\coastalmansion611.jpg,coastal_mansion,coastal_mansion,0.9924037456512451,PASS,
dataset\set 23\coastal_mansion\coastalmansion612.jpg,coastal_mansion,coastal_mansion,0.8864366412162781,PASS,
dataset\set 23\coastal_mansion\coastalmansion613.jpg,coastal_mansion,coastal_mansion,0.9978891015052795,PASS,
dataset\set 23\coastal_mansion\coastalmansion614.jpg,coastal_mansion,coastal_mansion,0.9911565780639648,PASS,
dataset\set 23\coastal_mansion\coastalmansion615.jpg,coastal_mansion,coastal_mansion,0.560082197189331,PASS,
dataset\set 23\coastal_mansion\coastalmansion616.jpg,coastal_mansion,coastal_mansion,0.9908574223518372,PASS,
dataset\set 23\coastal_mansion\coastalmansion617.jpg,coastal_mansion,coastal_mansion,0.9746659994125366,PASS,
dataset\set 23\coastal_mansion\coastalmansion618.jpg,coastal_mansion,coastal_mansion,0.9929240942001343,PASS,
dataset\set 23\coastal_mansion\coastalmansion619.jpg,coastal_mansion,coastal_mansion,0.9669786095619202,PASS,
dataset\set 23\coastal_mansion\coastalmansion620.jpg,coastal_mansion,coastal_mansion,0.9577374458312988,PASS,
dataset\set 23\coastal_mansion\coastalmansion621.jpg,coastal_mansion,coastal_mansion,0.8582478761672974,PASS,
dataset\set 23\coastal_mansion\coastalmansion622.jpg,coastal_mansion,coastal_mansion,0.928929328918457,PASS,
dataset\set 23\coastal_mansion\coastalmansion623.jpg,coastal_mansion,coastal_mansion,0.8059623837471008,PASS,
dataset\set 23\coastal_mansion\coastalmansion624.jpg,coastal_mansion,coastal_mansion,0.9763520359992981,PASS,
dataset\set 23\coastal_mansion\coastalmansion625.jpg,coastal_mansion,coastal_mansion,0.9761657118797302,PASS,
dataset\set 23\coastal_mansion\coastalmansion626.jpg,coastal_mansion,coastal_mansion,0.9562833905220032,PASS,
dataset\set 23\coastal_mansion\coastalmansion627.jpg,coastal_mansion,coastal_mansion,0.9881239533424377,PASS,
dataset\set 23\coastal_mansion\coastalmansion628.jpg,coastal_mansion,coastal_mansion,0.9498255848884583,PASS,
dataset\set 23\coastal_mansion\coastalmansion629.jpg,coastal_mansion,coastal_mansion,0.9976164102554321,PASS,
dataset\set 23\coastal_mansion\coastalmansion630.jpg,coastal_mansion,coastal_mansion,0.8010074496269226,PASS,
dataset\set 23\coastal_mansion\coastalmansion631.jpg,coastal_mansion,coastal_mansion,0.9811505079269409,PASS,
dataset\set 23\coastal_mansion\coastalmansion632.jpg,coastal_mansion,coastal_mansion,0.9759573340415955,PASS,
dataset\set 23\coastal_mansion\coastalmansion633.jpg,coastal_mansion,coastal_mansion,0.9849799275398254,PASS,
dataset\set 23\coastal_mansion\coastalmansion634.jpg,coastal_mansion,coastal_mansion,0.8861598372459412,PASS,
dataset\set 23\coastal_mansion\coastalmansion635.jpg,coastal_mansion,dense_residential,0.5641395449638367,FAIL,
dataset\set 23\coastal_mansion\coastalmansion636.jpg,coastal_mansion,coastal_mansion,0.9712594747543335,PASS,
dataset\set 23\coastal_mansion\coastalmansion637.jpg,coastal_mansion,coastal_mansion,0.9203835725784302,PASS,
dataset\set 23\coastal_mansion\coastalmansion638.jpg,coastal_mansion,coastal_mansion,0.9586280584335327,PASS,
dataset\set 23\coastal_mansion\coastalmansion639.jpg,coastal_mansion,coastal_mansion,0.9647756814956665,PASS,
dataset\set 23\coastal_mansion\coastalmansion640.jpg,coastal_mansion,coastal_mansion,0.9513618350028992,PASS,
dataset\set 23\coastal_mansion\coastalmansion641.jpg,coastal_mansion,coastal_mansion,0.9913525581359863,PASS,
dataset\set 23\coastal_mansion\coastalmansion642.jpg,coastal_mansion,coastal_mansion,0.5037796497344971,PASS,
dataset\set 23\coastal_mansion\coastalmansion643.jpg,coastal_mansion,coastal_mansion,0.9542368054389954,PASS,
dataset\set 23\coastal_mansion\coastalmansion644.jpg,coastal_mansion,coastal_mansion,0.6736026406288147,PASS,
dataset\set 23\coastal_mansion\coastalmansion645.jpg,coastal_mansion,coastal_mansion,0.9293901920318604,PASS,
dataset\set 23\coastal_mansion\coastalmansion646.jpg,coastal_mansion,coastal_mansion,0.7511282563209534,PASS,
dataset\set 23\coastal_mansion\coastalmansion647.jpg,coastal_mansion,coastal_mansion,0.6390811204910278,PASS,
dataset\set 23\coastal_mansion\coastalmansion648.jpg,coastal_mansion,coastal_mansion,0.9666985869407654,PASS,
dataset\set 23\coastal_mansion\coastalmansion649.jpg,coastal_mansion,coastal_mansion,0.8302628397941589,PASS,
dataset\set 23\coastal_mansion\coastalmansion650.jpg,coastal_mansion,coastal_mansion,0.9215328693389893,PASS,
dataset\set 23\coastal_mansion\coastalmansion651.jpg,coastal_mansion,coastal_mansion,0.986126720905304,PASS,
dataset\set 23\coastal_mansion\coastalmansion652.jpg,coastal_mansion,coastal_mansion,0.9479033350944519,PASS,
dataset\set 23\coastal_mansion\coastalmansion653.jpg,coastal_mansion,coastal_mansion,0.9810253977775574,PASS,
dataset\set 23\coastal_mansion\coastalmansion654.jpg,coastal_mansion,coastal_mansion,0.9362255334854126,PASS,
dataset\set 23\coastal_mansion\coastalmansion655.jpg,coastal_mansion,coastal_mansion,0.887853741645813,PASS,
dataset\set 23\coastal_mansion\coastalmansion656.jpg,coastal_mansion,coastal_mansion,0.8265355229377747,PASS,
dataset\set 23\coastal_mansion\coastalmansion657.jpg,coastal_mansion,coastal_mansion,0.9201154708862305,PASS,
dataset\set 23\coastal_mansion\coastalmansion658.jpg,coastal_mansion,coastal_mansion,0.9507412910461426,PASS,
dataset\set 23\coastal_mansion\coastalmansion659.jpg,coastal_mansion,coastal_mansion,0.9749236702919006,PASS,
dataset\set 23\coastal_mansion\coastalmansion660.jpg,coastal_mansion,coastal_mansion,0.9435060024261475,PASS,
dataset\set 23\coastal_mansion\coastalmansion661.jpg,coastal_mansion,coastal_mansion,0.9308559894561768,PASS,
dataset\set 23\coastal_mansion\coastalmansion662.jpg,coastal_mansion,coastal_mansion,0.56987065076828,PASS,
dataset\set 23\coastal_mansion\coastalmansion663.jpg,coastal_mansion,sparse_residential,0.5334324240684509,FAIL,
dataset\set 23\coastal_mansion\coastalmansion664.jpg,coastal_mansion,coastal_mansion,0.6653101444244385,PASS,
dataset\set 23\coastal_mansion\coastalmansion665.jpg,coastal_mansion,coastal_mansion,0.9310901165008545,PASS,
dataset\set 23\coastal_mansion\coastalmansion666.jpg,coastal_mansion,coastal_mansion,0.9585282802581787,PASS,
dataset\set 23\coastal_mansion\coastalmansion667.jpg,coastal_mansion,coastal_mansion,0.9023780226707458,PASS,
dataset\set 23\coastal_mansion\coastalmansion668.jpg,coastal_mansion,coastal_mansion,0.9786852598190308,PASS,
dataset\set 23\coastal_mansion\coastalmansion669.jpg,coastal_mansion,sparse_residential,0.6329070925712585,FAIL,
dataset\set 23\coastal_mansion\coastalmansion670.jpg,coastal_mansion,coastal_mansion,0.977082371711731,PASS,
dataset\set 23\coastal_mansion\coastalmansion671.jpg,coastal_mansion,coastal_mansion,0.9677221179008484,PASS,
dataset\set 23\coastal_mansion\coastalmansion672.jpg,coastal_mansion,coastal_mansion,0.8993126749992371,PASS,
dataset\set 23\coastal_mansion\coastalmansion673.jpg,coastal_mansion,coastal_mansion,0.7916014194488525,PASS,
dataset\set 23\coastal_mansion\coastalmansion674.jpg,coastal_mansion,coastal_mansion,0.9972519278526306,PASS,
dataset\set 23\coastal_mansion\coastalmansion675.jpg,coastal_mansion,coastal_mansion,0.6988093256950378,PASS,
dataset\set 23\coastal_mansion\coastalmansion676.jpg,coastal_mansion,coastal_mansion,0.9970995187759399,PASS,
dataset\set 23\coastal_mansion\coastalmansion677.jpg,coastal_mansion,coastal_mansion,0.9938982725143433,PASS,
dataset\set 23\coastal_mansion\coastalmansion678.jpg,coastal_mansion,coastal_mansion,0.9761274456977844,PASS,
dataset\set 23\coastal_mansion\coastalmansion679.jpg,coastal_mansion,coastal_mansion,0.9908768534660339,PASS,
dataset\set 23\coastal_mansion\coastalmansion680.jpg,coastal_mansion,coastal_mansion,0.9879453182220459,PASS,
dataset\set 23\coastal_mansion\coastalmansion681.jpg,coastal_mansion,coastal_mansion,0.9245461821556091,PASS,
dataset\set 23\coastal_mansion\coastalmansion682.jpg,coastal_mansion,coastal_mansion,0.9961891770362854,PASS,
dataset\set 23\coastal_mansion\coastalmansion683.jpg,coastal_mansion,coastal_mansion,0.7874098420143127,PASS,
dataset\set 23\coastal_mansion\coastalmansion684.jpg,coastal_mansion,coastal_mansion,0.9197356104850769,PASS,
dataset\set 23\coastal_mansion\coastalmansion685.jpg,coastal_mansion,coastal_mansion,0.9567177295684814,PASS,
dataset\set 23\coastal_mansion\coastalmansion686.jpg,coastal_mansion,coastal_mansion,0.8190773129463196,PASS,
dataset\set 23\coastal_mansion\coastalmansion687.jpg,coastal_mansion,coastal_mansion,0.8715522885322571,PASS,
dataset\set 23\coastal_mansion\coastalmansion688.jpg,coastal_mansion,coastal_mansion,0.8729405999183655,PASS,
dataset\set 23\coastal_mansion\coastalmansion689.jpg,coastal_mansion,coastal_mansion,0.9928016662597656,PASS,
dataset\set 23\coastal_mansion\coastalmansion690.jpg,coastal_mansion,coastal_mansion,0.9694846868515015,PASS,
dataset\set 23\coastal_mansion\coastalmansion691.jpg,coastal_mansion,coastal_mansion,0.8192240595817566,PASS,
dataset\set 23\coastal_mansion\coastalmansion692.jpg,coastal_mansion,coastal_mansion,0.9784367680549622,PASS,
dataset\set 23\coastal_mansion\coastalmansion693.jpg,coastal_mansion,coastal_mansion,0.9933663010597229,PASS,
dataset\set 23\coastal_mansion\coastalmansion694.jpg,coastal_mansion,coastal_mansion,0.9854053854942322,PASS,
dataset\set 23\coastal_mansion\coastalmansion695.jpg,coastal_mansion,coastal_mansion,0.9996371269226074,PASS,
dataset\set 23\coastal_mansion\coastalmansion696.jpg,coastal_mansion,coastal_mansion,0.9996660947799683,PASS,
dataset\set 23\coastal_mansion\coastalmansion697.jpg,coastal_mansion,coastal_mansion,0.9525794386863708,PASS,
dataset\set 23\coastal_mansion\coastalmansion698.jpg,coastal_mansion,coastal_mansion,0.9900000691413879,PASS,
dataset\set 23\coastal_mansion\coastalmansion699.jpg,coastal_mansion,coastal_mansion,0.5864385962486267,PASS,
dataset\set 23\coastal_mansion\coastalmansion700.jpg,coastal_mansion,coastal_mansion,0.9898806810379028,PASS,
dataset\set 23\dense_residential\denseresidential001.jpg,dense_residential,dense_residential,0.9806908369064331,PASS,
dataset\set 23\dense_residential\denseresidential002.jpg,dense_residential,dense_residential,0.9790236949920654,PASS,
dataset\set 23\dense_residential\denseresidential003.jpg,dense_residential,dense_residential,0.9453243613243103,PASS,
dataset\set 23\dense_residential\denseresidential004.jpg,dense_residential,dense_residential,0.9389163255691528,PASS,
dataset\set 23\dense_residential\denseresidential005.jpg,dense_residential,dense_residential,0.9465637803077698,PASS,
dataset\set 23\dense_residential\denseresidential006.jpg,dense_residential,dense_residential,0.915997326374054,PASS,
dataset\set 23\dense_residential\denseresidential007.jpg,dense_residential,sparse_residential,0.735710084438324,FAIL,
dataset\set 23\dense_residential\denseresidential008.jpg,dense_residential,dense_residential,0.9515703320503235,PASS,
dataset\set 23\dense_residential\denseresidential009.jpg,dense_residential,dense_residential,0.9819930791854858,PASS,
dataset\set 23\dense_residential\denseresidential010.jpg,dense_residential,dense_residential,0.617371678352356,PASS,
dataset\set 23\dense_residential\denseresidential011.jpg,dense_residential,dense_residential,0.8994945883750916,PASS,
dataset\set 23\dense_residential\denseresidential012.jpg,dense_residential,dense_residential,0.8816966414451599,PASS,
dataset\set 23\dense_residential\denseresidential013.jpg,dense_residential,dense_residential,0.9652231931686401,PASS,
dataset\set 23\dense_residential\denseresidential014.jpg,dense_residential,dense_residential,0.9006524085998535,PASS,
dataset\set 23\dense_residential\denseresidential015.jpg,dense_residential,dense_residential,0.9562138915061951,PASS,
dataset\set 23\dense_residential\denseresidential016.jpg,dense_residential,dense_residential,0.9066896438598633,PASS,
dataset\set 23\dense_residential\denseresidential017.jpg,dense_residential,dense_residential,0.9670979976654053,PASS,
dataset\set 23\dense_residential\denseresidential018.jpg,dense_residential,dense_residential,0.9801601767539978,PASS,
dataset\set 23\dense_residential\denseresidential019.jpg,dense_residential,dense_residential,0.774658739566803,PASS,
dataset\set 23\dense_residential\denseresidential020.jpg,dense_residential,dense_residential,0.9902963042259216,PASS,
dataset\set 23\dense_residential\denseresidential021.jpg,dense_residential,dense_residential,0.8048397302627563,PASS,
dataset\set 23\dense_residential\denseresidential022.jpg,dense_residential,dense_residential,0.7107371091842651,PASS,
dataset\set 23\dense_residential\denseresidential023.jpg,dense_residential,dense_residential,0.8870130181312561,PASS,
dataset\set 23\dense_residential\denseresidential024.jpg,dense_residential,dense_residential,0.9221348166465759,PASS,
dataset\set 23\dense_residential\denseresidential025.jpg,dense_residential,dense_residential,0.5601068735122681,PASS,
dataset\set 23\dense_residential\denseresidential026.jpg,dense_residential,dense_residential,0.990261971950531,PASS,
dataset\set 23\dense_residential\denseresidential027.jpg,dense_residential,dense_residential,0.899887204170227,PASS,
dataset\set 23\dense_residential\denseresidential028.jpg,dense_residential,coastal_mansion,0.554326593875885,FAIL,
dataset\set 23\dense_residential\denseresidential029.jpg,dense_residential,dense_residential,0.831985354423523,PASS,
dataset\set 23\dense_residential\denseresidential030.jpg,dense_residential,coastal_mansion,0.6061739921569824,FAIL,
dataset\set 23\dense_residential\denseresidential031.jpg,dense_residential,dense_residential,0.9994506239891052,PASS,
dataset\set 23\dense_residential\denseresidential032.jpg,dense_residential,dense_residential,0.9315763115882874,PASS,
dataset\set 23\dense_residential\denseresidential033.jpg,dense_residential,dense_residential,0.7044040560722351,PASS,
dataset\set 23\dense_residential\denseresidential034.jpg,dense_residential,dense_residential,0.9803158640861511,PASS,
dataset\set 23\dense_residential\denseresidential035.jpg,dense_residential,dense_residential,0.9937570095062256,PASS,
dataset\set 23\dense_residential\denseresidential036.jpg,dense_residential,dense_residential,0.9280813336372375,PASS,
dataset\set 23\dense_residential\denseresidential037.jpg,dense_residential,dense_residential,0.5154100656509399,PASS,
dataset\set 23\dense_residential\denseresidential038.jpg,dense_residential,dense_residential,0.8115890622138977,PASS,
dataset\set 23\dense_residential\denseresidential039.jpg,dense_residential,dense_residential,0.9809731841087341,PASS,
dataset\set 23\dense_residential\denseresidential040.jpg,dense_residential,dense_residential,0.9933100938796997,PASS,
dataset\set 23\dense_residential\denseresidential041.jpg,dense_residential,dense_residential,0.9694953560829163,PASS,
dataset\set 23\dense_residential\denseresidential042.jpg,dense_residential,coastal_mansion,0.6995292901992798,FAIL,
dataset\set 23\dense_residential\denseresidential043.jpg,dense_residential,dense_residential,0.9557220935821533,PASS,
dataset\set 23\dense_residential\denseresidential044.jpg,dense_residential,dense_residential,0.916785478591919,PASS,
dataset\set 23\dense_residential\denseresidential045.jpg,dense_residential,dense_residential,0.6078376173973083,PASS,
dataset\set 23\dense_residential\denseresidential046.jpg,dense_residential,coastal_mansion,0.7122814059257507,FAIL,
dataset\set 23\dense_residential\denseresidential047.jpg,dense_residential,dense_residential,0.9618203043937683,PASS,
dataset\set 23\dense_residential\denseresidential048.jpg,dense_residential,dense_residential,0.9220936894416809,PASS,
dataset\set 23\dense_residential\denseresidential049.jpg,dense_residential,dense_residential,0.9329122304916382,PASS,
dataset\set 23\dense_residential\denseresidential050.jpg,dense_residential,dense_residential,0.6617149710655212,PASS,
dataset\set 23\dense_residential\denseresidential051.jpg,dense_residential,dense_residential,0.8031288981437683,PASS,
dataset\set 23\dense_residential\denseresidential052.jpg,dense_residential,dense_residential,0.9751487374305725,PASS,
dataset\set 23\dense_residential\denseresidential053.jpg,dense_residential,dense_residential,0.9446076154708862,PASS,
dataset\set 23\dense_residential\denseresidential054.jpg,dense_residential,dense_residential,0.9638627171516418,PASS,
dataset\set 23\dense_residential\denseresidential055.jpg,dense_residential,dense_residential,0.9447547793388367,PASS,
dataset\set 23\dense_residential\denseresidential056.jpg,dense_residential,dense_residential,0.9710874557495117,PASS,
dataset\set 23\dense_residential\denseresidential057.jpg,dense_residential,dense_residential,0.9944062232971191,PASS,
dataset\set 23\dense_residential\denseresidential058.jpg,dense_residential,dense_residential,0.9398643374443054,PASS,
dataset\set 23\dense_residential\denseresidential059.jpg,dense_residential,dense_residential,0.994343638420105,PASS,
dataset\set 23\dense_residential\denseresidential060.jpg,dense_residential,dense_residential,0.7352891564369202,PASS,
dataset\set 23\dense_residential\denseresidential061.jpg,dense_residential,dense_residential,0.9283249378204346,PASS,
dataset\set 23\dense_residential\denseresidential062.jpg,dense_residential,dense_residential,0.9599782824516296,PASS,
dataset\set 23\dense_residential\denseresidential063.jpg,dense_residential,dense_residential,0.9771192669868469,PASS,
dataset\set 23\dense_residential\denseresidential064.jpg,dense_residential,dense_residential,0.9063425064086914,PASS,
dataset\set 23\dense_residential\denseresidential065.jpg,dense_residential,dense_residential,0.9972175359725952,PASS,
dataset\set 23\dense_residential\denseresidential066.jpg,dense_residential,dense_residential,0.9928634762763977,PASS,
dataset\set 23\dense_residential\denseresidential067.jpg,dense_residential,dense_residential,0.9665849208831787,PASS,
dataset\set 23\dense_residential\denseresidential068.jpg,dense_residential,dense_residential,0.9642326235771179,PASS,
dataset\set 23\dense_residential\denseresidential069.jpg,dense_residential,dense_residential,0.8683884143829346,PASS,
dataset\set 23\dense_residential\denseresidential070.jpg,dense_residential,dense_residential,0.9468181133270264,PASS,
dataset\set 23\dense_residential\denseresidential071.jpg,dense_residential,dense_residential,0.9231512546539307,PASS,
dataset\set 23\dense_residential\denseresidential072.jpg,dense_residential,dense_residential,0.9621891975402832,PASS,
dataset\set 23\dense_residential\denseresidential073.jpg,dense_residential,dense_residential,0.9917329549789429,PASS,
dataset\set 23\dense_residential\denseresidential074.jpg,dense_residential,dense_residential,0.9830769300460815,PASS,
dataset\set 23\dense_residential\denseresidential075.jpg,dense_residential,dense_residential,0.883211612701416,PASS,
dataset\set 23\dense_residential\denseresidential076.jpg,dense_residential,dense_residential,0.7395877242088318,PASS,
dataset\set 23\dense_residential\denseresidential077.jpg,dense_residential,dense_residential,0.9685533046722412,PASS,
dataset\set 23\dense_residential\denseresidential078.jpg,dense_residential,dense_residential,0.9578071236610413,PASS,
dataset\set 23\dense_residential\denseresidential079.jpg,dense_residential,dense_residential,0.9952191710472107,PASS,
dataset\set 23\dense_residential\denseresidential080.jpg,dense_residential,dense_residential,0.975989580154419,PASS,
dataset\set 23\dense_residential\denseresidential081.jpg,dense_residential,dense_residential,0.8443699479103088,PASS,
dataset\set 23\dense_residential\denseresidential082.jpg,dense_residential,dense_residential,0.9864570498466492,PASS,
dataset\set 23\dense_residential\denseresidential083.jpg,dense_residential,dense_residential,0.9848635792732239,PASS,
dataset\set 23\dense_residential\denseresidential084.jpg,dense_residential,dense_residential,0.9939940571784973,PASS,
dataset\set 23\dense_residential\denseresidential085.jpg,dense_residential,dense_residential,0.5546713471412659,PASS,
dataset\set 23\dense_residential\denseresidential086.jpg,dense_residential,dense_residential,0.9814913272857666,PASS,
dataset\set 23\dense_residential\denseresidential087.jpg,dense_residential,dense_residential,0.9920497536659241,PASS,
dataset\set 23\dense_residential\denseresidential088.jpg,dense_residential,dense_residential,0.7478200197219849,PASS,
dataset\set 23\dense_residential\denseresidential089.jpg,dense_residential,dense_residential,0.9690572023391724,PASS,
dataset\set 23\dense_residential\denseresidential090.jpg,dense_residential,dense_residential,0.8856217265129089,PASS,
dataset\set 23\dense_residential\denseresidential091.jpg,dense_residential,dense_residential,0.9805368185043335,PASS,
dataset\set 23\dense_residential\denseresidential092.jpg,dense_residential,dense_residential,0.9474441409111023,PASS,
dataset\set 23\dense_residential\denseresidential093.jpg,dense_residential,dense_residential,0.9640997648239136,PASS,
dataset\set 23\dense_residential\denseresidential094.jpg,dense_residential,dense_residential,0.9913130402565002,PASS,
dataset\set 23\dense_residential\denseresidential095.jpg,dense_residential,dense_residential,0.9234339594841003,PASS,
dataset\set 23\dense_residential\denseresidential096.jpg,dense_residential,dense_residential,0.9580608010292053,PASS,
dataset\set 23\dense_residential\denseresidential097.jpg,dense_residential,dense_residential,0.9922968745231628,PASS,
dataset\set 23\dense_residential\denseresidential098.jpg,dense_residential,dense_residential,0.9812695980072021,PASS,
dataset\set 23\dense_residential\denseresidential099.jpg,dense_residential,coastal_mansion,0.5310258269309998,FAIL,
dataset\set 23\dense_residential\denseresidential100.jpg,dense_residential,dense_residential,0.9454048871994019,PASS,
dataset\set 23\dense_residential\denseresidential101.jpg,dense_residential,dense_residential,0.9986547231674194,PASS,
dataset\set 23\dense_residential\denseresidential102.jpg,dense_residential,dense_residential,0.995753288269043,PASS,
dataset\set 23\dense_residential\denseresidential103.jpg,dense_residential,dense_residential,0.8794478178024292,PASS,
dataset\set 23\dense_residential\denseresidential104.jpg,dense_residential,dense_residential,0.9809699058532715,PASS,
dataset\set 23\dense_residential\denseresidential105.jpg,dense_residential,coastal_mansion,0.5867519974708557,FAIL,
dataset\set 23\dense_residential\denseresidential106.jpg,dense_residential,dense_residential,0.48009148240089417,FAIL,
dataset\set 23\dense_residential\denseresidential107.jpg,dense_residential,dense_residential,0.9620556831359863,PASS,
dataset\set 23\dense_residential\denseresidential108.jpg,dense_residential,dense_residential,0.7875933647155762,PASS,
dataset\set 23\dense_residential\denseresidential109.jpg,dense_residential,dense_residential,0.9433614015579224,PASS,
dataset\set 23\dense_residential\denseresidential110.jpg,dense_residential,dense_residential,0.9397369623184204,PASS,
dataset\set 23\dense_residential\denseresidential111.jpg,dense_residential,dense_residential,0.9473376870155334,PASS,
dataset\set 23\dense_residential\denseresidential112.jpg,dense_residential,dense_residential,0.7579490542411804,PASS,
dataset\set 23\dense_residential\denseresidential113.jpg,dense_residential,dense_residential,0.9971875548362732,PASS,
dataset\set 23\dense_residential\denseresidential114.jpg,dense_residential,dense_residential,0.9993199110031128,PASS,
dataset\set 23\dense_residential\denseresidential115.jpg,dense_residential,dense_residential,0.9648388624191284,PASS,
dataset\set 23\dense_residential\denseresidential116.jpg,dense_residential,dense_residential,0.5525903701782227,PASS,
dataset\set 23\dense_residential\denseresidential117.jpg,dense_residential,dense_residential,0.9933571219444275,PASS,
dataset\set 23\dense_residential\denseresidential118.jpg,dense_residential,coastal_mansion,0.4968830347061157,FAIL,
dataset\set 23\dense_residential\denseresidential119.jpg,dense_residential,dense_residential,0.9320719838142395,PASS,
dataset\set 23\dense_residential\denseresidential120.jpg,dense_residential,dense_residential,0.9243057370185852,PASS,
dataset\set 23\dense_residential\denseresidential121.jpg,dense_residential,dense_residential,0.6854185461997986,PASS,
dataset\set 23\dense_residential\denseresidential122.jpg,dense_residential,dense_residential,0.9961872696876526,PASS,
dataset\set 23\dense_residential\denseresidential123.jpg,dense_residential,dense_residential,0.9804930090904236,PASS,
dataset\set 23\dense_residential\denseresidential124.jpg,dense_residential,dense_residential,0.7690272331237793,PASS,
dataset\set 23\dense_residential\denseresidential125.jpg,dense_residential,dense_residential,0.9881652593612671,PASS,
dataset\set 23\dense_residential\denseresidential126.jpg,dense_residential,dense_residential,0.9593489766120911,PASS,
dataset\set 23\dense_residential\denseresidential127.jpg,dense_residential,dense_residential,0.9020815491676331,PASS,
dataset\set 23\dense_residential\denseresidential128.jpg,dense_residential,dense_residential,0.8808209300041199,PASS,
dataset\set 23\dense_residential\denseresidential129.jpg,dense_residential,dense_residential,0.9384447336196899,PASS,
dataset\set 23\dense_residential\denseresidential130.jpg,dense_residential,dense_residential,0.9770132303237915,PASS,
dataset\set 23\dense_residential\denseresidential131.jpg,dense_residential,dense_residential,0.8952435851097107,PASS,
dataset\set 23\dense_residential\denseresidential132.jpg,dense_residential,dense_residential,0.9964576363563538,PASS,
dataset\set 23\dense_residential\denseresidential133.jpg,dense_residential,dense_residential,0.9497780799865723,PASS,
dataset\set 23\dense_residential\denseresidential134.jpg,dense_residential,dense_residential,0.9727587103843689,PASS,
dataset\set 23\dense_residential\denseresidential135.jpg,dense_residential,dense_residential,0.8873875141143799,PASS,
dataset\set 23\dense_residential\denseresidential136.jpg,dense_residential,dense_residential,0.999534010887146,PASS,
dataset\set 23\dense_residential\denseresidential137.jpg,dense_residential,dense_residential,0.7857255339622498,PASS,
dataset\set 23\dense_residential\denseresidential138.jpg,dense_residential,dense_residential,0.9767909049987793,PASS,
dataset\set 23\dense_residential\denseresidential139.jpg,dense_residential,dense_residential,0.9888784289360046,PASS,
dataset\set 23\dense_residential\denseresidential140.jpg,dense_residential,dense_residential,0.8930583596229553,PASS,
dataset\set 23\dense_residential\denseresidential141.jpg,dense_residential,dense_residential,0.8495079278945923,PASS,
dataset\set 23\dense_residential\denseresidential142.jpg,dense_residential,dense_residential,0.9722528457641602,PASS,
dataset\set 23\dense_residential\denseresidential143.jpg,dense_residential,dense_residential,0.9955516457557678,PASS,
dataset\set 23\dense_residential\denseresidential144.jpg,dense_residential,dense_residential,0.9599359035491943,PASS,
dataset\set 23\dense_residential\denseresidential145.jpg,dense_residential,dense_residential,0.9727203249931335,PASS,
dataset\set 23\dense_residential\denseresidential146.jpg,dense_residential,dense_residential,0.991489827632904,PASS,
dataset\set 23\dense_residential\denseresidential147.jpg,dense_residential,dense_residential,0.9968854784965515,PASS,
dataset\set 23\dense_residential\denseresidential148.jpg,dense_residential,dense_residential,0.8016864657402039,PASS,
dataset\set 23\dense_residential\denseresidential149.jpg,dense_residential,dense_residential,0.9425249695777893,PASS,
dataset\set 23\dense_residential\denseresidential150.jpg,dense_residential,coastal_mansion,0.6078550219535828,FAIL,
dataset\set 23\dense_residential\denseresidential151.jpg,dense_residential,dense_residential,0.8379600048065186,PASS,
dataset\set 23\dense_residential\denseresidential152.jpg,dense_residential,dense_residential,0.9301018118858337,PASS,
dataset\set 23\dense_residential\denseresidential153.jpg,dense_residential,dense_residential,0.9885170459747314,PASS,
dataset\set 23\dense_residential\denseresidential154.jpg,dense_residential,dense_residential,0.9756582379341125,PASS,
dataset\set 23\dense_residential\denseresidential155.jpg,dense_residential,dense_residential,0.9757619500160217,PASS,
dataset\set 23\dense_residential\denseresidential156.jpg,dense_residential,dense_residential,0.95024573802948,PASS,
dataset\set 23\dense_residential\denseresidential157.jpg,dense_residential,dense_residential,0.9009463787078857,PASS,
dataset\set 23\dense_residential\denseresidential158.jpg,dense_residential,dense_residential,0.9942899942398071,PASS,
dataset\set 23\dense_residential\denseresidential159.jpg,dense_residential,dense_residential,0.9908878803253174,PASS,
dataset\set 23\dense_residential\denseresidential160.jpg,dense_residential,dense_residential,0.9766759276390076,PASS,
dataset\set 23\dense_residential\denseresidential161.jpg,dense_residential,dense_residential,0.9281779527664185,PASS,
dataset\set 23\dense_residential\denseresidential162.jpg,dense_residential,coastal_mansion,0.6904494762420654,FAIL,
dataset\set 23\dense_residential\denseresidential163.jpg,dense_residential,dense_residential,0.977846622467041,PASS,
dataset\set 23\dense_residential\denseresidential164.jpg,dense_residential,dense_residential,0.9563769698143005,PASS,
dataset\set 23\dense_residential\denseresidential165.jpg,dense_residential,dense_residential,0.4928286671638489,FAIL,
dataset\set 23\dense_residential\denseresidential166.jpg,dense_residential,dense_residential,0.871566116809845,PASS,
dataset\set 23\dense_residential\denseresidential167.jpg,dense_residential,dense_residential,0.9117448925971985,PASS,
dataset\set 23\dense_residential\denseresidential168.jpg,dense_residential,dense_residential,0.9907500147819519,PASS,
dataset\set 23\dense_residential\denseresidential169.jpg,dense_residential,dense_residential,0.989268958568573,PASS,
dataset\set 23\dense_residential\denseresidential170.jpg,dense_residential,dense_residential,0.8695404529571533,PASS,
dataset\set 23\dense_residential\denseresidential171.jpg,dense_residential,dense_residential,0.9793389439582825,PASS,
dataset\set 23\dense_residential\denseresidential172.jpg,dense_residential,dense_residential,0.976507306098938,PASS,
dataset\set 23\dense_residential\denseresidential173.jpg,dense_residential,dense_residential,0.9842125773429871,PASS,
dataset\set 23\dense_residential\denseresidential174.jpg,dense_residential,dense_residential,0.9648290872573853,PASS,
dataset\set 23\dense_residential\denseresidential175.jpg,dense_residential,dense_residential,0.8995200395584106,PASS,
dataset\set 23\dense_residential\denseresidential176.jpg,dense_residential,dense_residential,0.9790730476379395,PASS,
dataset\set 23\dense_residential\denseresidential177.jpg,dense_residential,dense_residential,0.987464427947998,PASS,
dataset\set 23\dense_residential\denseresidential178.jpg,dense_residential,dense_residential,0.997593104839325,PASS,
dataset\set 23\dense_residential\denseresidential179.jpg,dense_residential,dense_residential,0.9716247916221619,PASS,
dataset\set 23\dense_residential\denseresidential180.jpg,dense_residential,dense_residential,0.6322240829467773,PASS,
dataset\set 23\dense_residential\denseresidential181.jpg,dense_residential,dense_residential,0.998828113079071,PASS,
dataset\set 23\dense_residential\denseresidential182.jpg,dense_residential,dense_residential,0.907620370388031,PASS,
dataset\set 23\dense_residential\denseresidential183.jpg,dense_residential,dense_residential,0.9276139736175537,PASS,
dataset\set 23\dense_residential\denseresidential184.jpg,dense_residential,dense_residential,0.814035952091217,PASS,
dataset\set 23\dense_residential\denseresidential185.jpg,dense_residential,dense_residential,0.6968308091163635,PASS,
dataset\set 23\dense_residential\denseresidential186.jpg,dense_residential,dense_residential,0.8592649102210999,PASS,
dataset\set 23\dense_residential\denseresidential187.jpg,dense_residential,dense_residential,0.8134352564811707,PASS,
dataset\set 23\dense_residential\denseresidential188.jpg,dense_residential,coastal_mansion,0.5371667146682739,FAIL,
dataset\set 23\dense_residential\denseresidential189.jpg,dense_residential,dense_residential,0.7527576684951782,PASS,
dataset\set 23\dense_residential\denseresidential190.jpg,dense_residential,dense_residential,0.8446986079216003,PASS,
dataset\set 23\dense_residential\denseresidential191.jpg,dense_residential,dense_residential,0.9838617444038391,PASS,
dataset\set 23\dense_residential\denseresidential192.jpg,dense_residential,dense_residential,0.9532778859138489,PASS,
dataset\set 23\dense_residential\denseresidential193.jpg,dense_residential,dense_residential,0.9947983026504517,PASS,
dataset\set 23\dense_residential\denseresidential194.jpg,dense_residential,dense_residential,0.8462075591087341,PASS,
dataset\set 23\dense_residential\denseresidential195.jpg,dense_residential,dense_residential,0.9626303315162659,PASS,
dataset\set 23\dense_residential\denseresidential196.jpg,dense_residential,dense_residential,0.9718868136405945,PASS,
dataset\set 23\dense_residential\denseresidential197.jpg,dense_residential,dense_residential,0.5322604179382324,PASS,
dataset\set 23\dense_residential\denseresidential198.jpg,dense_residential,dense_residential,0.9671923518180847,PASS,
dataset\set 23\dense_residential\denseresidential199.jpg,dense_residential,dense_residential,0.964451253414154,PASS,
dataset\set 23\dense_residential\denseresidential200.jpg,dense_residential,dense_residential,0.9379718899726868,PASS,
dataset\set 23\dense_residential\denseresidential201.jpg,dense_residential,dense_residential,0.8810954689979553,PASS,
dataset\set 23\dense_residential\denseresidential202.jpg,dense_residential,dense_residential,0.9793136715888977,PASS,
dataset\set 23\dense_residential\denseresidential203.jpg,dense_residential,dense_residential,0.8919796943664551,PASS,
dataset\set 23\dense_residential\denseresidential204.jpg,dense_residential,dense_residential,0.9149601459503174,PASS,
dataset\set 23\dense_residential\denseresidential205.jpg,dense_residential,dense_residential,0.7154555916786194,PASS,
dataset\set 23\dense_residential\denseresidential206.jpg,dense_residential,dense_residential,0.9989895224571228,PASS,
dataset\set 23\dense_residential\denseresidential207.jpg,dense_residential,dense_residential,0.9987363219261169,PASS,
dataset\set 23\dense_residential\denseresidential208.jpg,dense_residential,dense_residential,0.9873552918434143,PASS,
dataset\set 23\dense_residential\denseresidential209.jpg,dense_residential,dense_residential,0.9331492781639099,PASS,
dataset\set 23\dense_residential\denseresidential210.jpg,dense_residential,dense_residential,0.9571935534477234,PASS,
dataset\set 23\dense_residential\denseresidential211.jpg,dense_residential,dense_residential,0.9905361533164978,PASS,
dataset\set 23\dense_residential\denseresidential212.jpg,dense_residential,dense_residential,0.9213801622390747,PASS,
dataset\set 23\dense_residential\denseresidential213.jpg,dense_residential,dense_residential,0.9086964130401611,PASS,
dataset\set 23\dense_residential\denseresidential214.jpg,dense_residential,dense_residential,0.9738708734512329,PASS,
dataset\set 23\dense_residential\denseresidential215.jpg,dense_residential,dense_residential,0.9977368116378784,PASS,
dataset\set 23\dense_residential\denseresidential216.jpg,dense_residential,dense_residential,0.9980650544166565,PASS,
dataset\set 23\dense_residential\denseresidential217.jpg,dense_residential,dense_residential,0.9605261087417603,PASS,
dataset\set 23\dense_residential\denseresidential218.jpg,dense_residential,dense_residential,0.7887845635414124,PASS,
dataset\set 23\dense_residential\denseresidential219.jpg,dense_residential,dense_residential,0.9941697120666504,PASS,
dataset\set 23\dense_residential\denseresidential220.jpg,dense_residential,dense_residential,0.9917426705360413,PASS,
dataset\set 23\dense_residential\denseresidential221.jpg,dense_residential,dense_residential,0.8815235495567322,PASS,
dataset\set 23\dense_residential\denseresidential222.jpg,dense_residential,dense_residential,0.8559054136276245,PASS,
dataset\set 23\dense_residential\denseresidential223.jpg,dense_residential,dense_residential,0.9635695219039917,PASS,
dataset\set 23\dense_residential\denseresidential224.jpg,dense_residential,dense_residential,0.9575000405311584,PASS,
dataset\set 23\dense_residential\denseresidential225.jpg,dense_residential,dense_residential,0.993039608001709,PASS,
dataset\set 23\dense_residential\denseresidential226.jpg,dense_residential,dense_residential,0.9909808039665222,PASS,
dataset\set 23\dense_residential\denseresidential227.jpg,dense_residential,dense_residential,0.7779003381729126,PASS,
dataset\set 23\dense_residential\denseresidential228.jpg,dense_residential,dense_residential,0.9072157144546509,PASS,
dataset\set 23\dense_residential\denseresidential229.jpg,dense_residential,dense_residential,0.9365136027336121,PASS,
dataset\set 23\dense_residential\denseresidential230.jpg,dense_residential,dense_residential,0.607272207736969,PASS,
dataset\set 23\dense_residential\denseresidential231.jpg,dense_residential,dense_residential,0.7138866782188416,PASS,
dataset\set 23\dense_residential\denseresidential232.jpg,dense_residential,dense_residential,0.9650062322616577,PASS,
dataset\set 23\dense_residential\denseresidential233.jpg,dense_residential,dense_residential,0.9799392223358154,PASS,
dataset\set 23\dense_residential\denseresidential234.jpg,dense_residential,dense_residential,0.5697482228279114,PASS,
dataset\set 23\dense_residential\denseresidential235.jpg,dense_residential,dense_residential,0.9848732948303223,PASS,
dataset\set 23\dense_residential\denseresidential236.jpg,dense_residential,dense_residential,0.9905410408973694,PASS,
dataset\set 23\dense_residential\denseresidential237.jpg,dense_residential,dense_residential,0.9963819980621338,PASS,
dataset\set 23\dense_residential\denseresidential238.jpg,dense_residential,dense_residential,0.9996260404586792,PASS,
dataset\set 23\dense_residential\denseresidential239.jpg,dense_residential,dense_residential,0.9981712102890015,PASS,
dataset\set 23\dense_residential\denseresidential240.jpg,dense_residential,dense_residential,0.9934053421020508,PASS,
dataset\set 23\dense_residential\denseresidential241.jpg,dense_residential,dense_residential,0.9963029623031616,PASS,
dataset\set 23\dense_residential\denseresidential242.jpg,dense_residential,dense_residential,0.9737807512283325,PASS,
dataset\set 23\dense_residential\denseresidential243.jpg,dense_residential,dense_residential,0.9682495594024658,PASS,
dataset\set 23\dense_residential\denseresidential244.jpg,dense_residential,dense_residential,0.9842287302017212,PASS,
dataset\set 23\dense_residential\denseresidential245.jpg,dense_residential,dense_residential,0.9981281161308289,PASS,
dataset\set 23\dense_residential\denseresidential246.jpg,dense_residential,dense_residential,0.5555644631385803,PASS,
dataset\set 23\dense_residential\denseresidential247.jpg,dense_residential,dense_residential,0.8841992616653442,PASS,
dataset\set 23\dense_residential\denseresidential248.jpg,dense_residential,dense_residential,0.9986445307731628,PASS,
dataset\set 23\dense_residential\denseresidential249.jpg,dense_residential,dense_residential,0.9764408469200134,PASS,
dataset\set 23\dense_residential\denseresidential250.jpg,dense_residential,dense_residential,0.9599748849868774,PASS,
dataset\set 23\dense_residential\denseresidential251.jpg,dense_residential,dense_residential,0.5681492686271667,PASS,
dataset\set 23\dense_residential\denseresidential252.jpg,dense_residential,dense_residential,0.9800845980644226,PASS,
dataset\set 23\dense_residential\denseresidential253.jpg,dense_residential,dense_residential,0.912589967250824,PASS,
dataset\set 23\dense_residential\denseresidential254.jpg,dense_residential,dense_residential,0.9732884764671326,PASS,
dataset\set 23\dense_residential\denseresidential255.jpg,dense_residential,dense_residential,0.853339433670044,PASS,
dataset\set 23\dense_residential\denseresidential256.jpg,dense_residential,dense_residential,0.9956157207489014,PASS,
dataset\set 23\dense_residential\denseresidential257.jpg,dense_residential,dense_residential,0.9993626475334167,PASS,
dataset\set 23\dense_residential\denseresidential258.jpg,dense_residential,dense_residential,0.9992846846580505,PASS,
dataset\set 23\dense_residential\denseresidential259.jpg,dense_residential,dense_residential,0.9987605810165405,PASS,
dataset\set 23\dense_residential\denseresidential260.jpg,dense_residential,dense_residential,0.9949113726615906,PASS,
dataset\set 23\dense_residential\denseresidential261.jpg,dense_residential,dense_residential,0.9483700394630432,PASS,
dataset\set 23\dense_residential\denseresidential262.jpg,dense_residential,dense_residential,0.9926069974899292,PASS,
dataset\set 23\dense_residential\denseresidential263.jpg,dense_residential,dense_residential,0.9263932704925537,PASS,
dataset\set 23\dense_residential\denseresidential264.jpg,dense_residential,dense_residential,0.9978739023208618,PASS,
dataset\set 23\dense_residential\denseresidential265.jpg,dense_residential,dense_residential,0.9963412880897522,PASS,
dataset\set 23\dense_residential\denseresidential266.jpg,dense_residential,dense_residential,0.997753918170929,PASS,
dataset\set 23\dense_residential\denseresidential267.jpg,dense_residential,dense_residential,0.9995625615119934,PASS,
dataset\set 23\dense_residential\denseresidential268.jpg,dense_residential,dense_residential,0.9161442518234253,PASS,
dataset\set 23\dense_residential\denseresidential269.jpg,dense_residential,dense_residential,0.9996073842048645,PASS,
dataset\set 23\dense_residential\denseresidential270.jpg,dense_residential,dense_residential,0.999845027923584,PASS,
dataset\set 23\dense_residential\denseresidential271.jpg,dense_residential,dense_residential,0.9996277093887329,PASS,
dataset\set 23\dense_residential\denseresidential272.jpg,dense_residential,dense_residential,0.9972032308578491,PASS,
dataset\set 23\dense_residential\denseresidential273.jpg,dense_residential,dense_residential,0.8876396417617798,PASS,
dataset\set 23\dense_residential\denseresidential274.jpg,dense_residential,dense_residential,0.999871015548706,PASS,
dataset\set 23\dense_residential\denseresidential275.jpg,dense_residential,dense_residential,0.9917831420898438,PASS,
dataset\set 23\dense_residential\denseresidential276.jpg,dense_residential,dense_residential,0.9988389611244202,PASS,
dataset\set 23\dense_residential\denseresidential277.jpg,dense_residential,dense_residential,0.9993104934692383,PASS,
dataset\set 23\dense_residential\denseresidential278.jpg,dense_residential,dense_residential,0.9992840886116028,PASS,
dataset\set 23\dense_residential\denseresidential279.jpg,dense_residential,dense_residential,0.9858259558677673,PASS,
dataset\set 23\dense_residential\denseresidential280.jpg,dense_residential,dense_residential,0.9208301305770874,PASS,
dataset\set 23\dense_residential\denseresidential281.jpg,dense_residential,dense_residential,0.9992501139640808,PASS,
dataset\set 23\dense_residential\denseresidential282.jpg,dense_residential,dense_residential,0.9764221906661987,PASS,
dataset\set 23\dense_residential\denseresidential283.jpg,dense_residential,dense_residential,0.9995843768119812,PASS,
dataset\set 23\dense_residential\denseresidential284.jpg,dense_residential,dense_residential,0.999858021736145,PASS,
dataset\set 23\dense_residential\denseresidential285.jpg,dense_residential,dense_residential,0.9998146891593933,PASS,
dataset\set 23\dense_residential\denseresidential286.jpg,dense_residential,dense_residential,0.9998078942298889,PASS,
dataset\set 23\dense_residential\denseresidential287.jpg,dense_residential,dense_residential,0.9980577826499939,PASS,
dataset\set 23\dense_residential\denseresidential288.jpg,dense_residential,dense_residential,0.8845614790916443,PASS,
dataset\set 23\dense_residential\denseresidential289.jpg,dense_residential,dense_residential,0.999521017074585,PASS,
dataset\set 23\dense_residential\denseresidential290.jpg,dense_residential,dense_residential,0.988949179649353,PASS,
dataset\set 23\dense_residential\denseresidential291.jpg,dense_residential,dense_residential,0.999082088470459,PASS,
dataset\set 23\dense_residential\denseresidential292.jpg,dense_residential,dense_residential,0.9856154918670654,PASS,
dataset\set 23\dense_residential\denseresidential293.jpg,dense_residential,dense_residential,0.9972604513168335,PASS,
dataset\set 23\dense_residential\denseresidential294.jpg,dense_residential,dense_residential,0.9968289732933044,PASS,
dataset\set 23\dense_residential\denseresidential295.jpg,dense_residential,dense_residential,0.9977970123291016,PASS,
dataset\set 23\dense_residential\denseresidential296.jpg,dense_residential,dense_residential,0.9882302284240723,PASS,
dataset\set 23\dense_residential\denseresidential297.jpg,dense_residential,dense_residential,0.999539852142334,PASS,
dataset\set 23\dense_residential\denseresidential298.jpg,dense_residential,dense_residential,0.9999271631240845,PASS,
dataset\set 23\dense_residential\denseresidential299.jpg,dense_residential,dense_residential,0.99993896484375,PASS,
dataset\set 23\dense_residential\denseresidential300.jpg,dense_residential,dense_residential,0.9996603727340698,PASS,
dataset\set 23\dense_residential\denseresidential301.jpg,dense_residential,dense_residential,0.9997256398200989,PASS,
dataset\set 23\dense_residential\denseresidential302.jpg,dense_residential,dense_residential,0.9966341853141785,PASS,
dataset\set 23\dense_residential\denseresidential303.jpg,dense_residential,dense_residential,0.9993475079536438,PASS,
dataset\set 23\dense_residential\denseresidential304.jpg,dense_residential,dense_residential,0.9959098100662231,PASS,
dataset\set 23\dense_residential\denseresidential305.jpg,dense_residential,dense_residential,0.9997498393058777,PASS,
dataset\set 23\dense_residential\denseresidential306.jpg,dense_residential,dense_residential,0.9999227523803711,PASS,
dataset\set 23\dense_residential\denseresidential307.jpg,dense_residential,dense_residential,0.9991858601570129,PASS,
dataset\set 23\dense_residential\denseresidential308.jpg,dense_residential,dense_residential,0.9976983666419983,PASS,
dataset\set 23\dense_residential\denseresidential309.jpg,dense_residential,dense_residential,0.9994382262229919,PASS,
dataset\set 23\dense_residential\denseresidential310.jpg,dense_residential,dense_residential,0.9994316697120667,PASS,
dataset\set 23\dense_residential\denseresidential311.jpg,dense_residential,dense_residential,0.9997987151145935,PASS,
dataset\set 23\dense_residential\denseresidential312.jpg,dense_residential,dense_residential,0.9906884431838989,PASS,
dataset\set 23\dense_residential\denseresidential313.jpg,dense_residential,dense_residential,0.9975587129592896,PASS,
dataset\set 23\dense_residential\denseresidential314.jpg,dense_residential,dense_residential,0.9989012479782104,PASS,
dataset\set 23\dense_residential\denseresidential315.jpg,dense_residential,dense_residential,0.9997898936271667,PASS,
dataset\set 23\dense_residential\denseresidential316.jpg,dense_residential,dense_residential,0.9981535077095032,PASS,
dataset\set 23\dense_residential\denseresidential317.jpg,dense_residential,dense_residential,0.9998979568481445,PASS,
dataset\set 23\dense_residential\denseresidential318.jpg,dense_residential,dense_residential,0.9997021555900574,PASS,
dataset\set 23\dense_residential\denseresidential319.jpg,dense_residential,dense_residential,0.9995980858802795,PASS,
dataset\set 23\dense_residential\denseresidential320.jpg,dense_residential,dense_residential,0.9997145533561707,PASS,
dataset\set 23\dense_residential\denseresidential321.jpg,dense_residential,dense_residential,0.9998255372047424,PASS,
dataset\set 23\dense_residential\denseresidential322.jpg,dense_residential,dense_residential,0.9998220801353455,PASS,
dataset\set 23\dense_residential\denseresidential323.jpg,dense_residential,dense_residential,0.9998527765274048,PASS,
dataset\set 23\dense_residential\denseresidential324.jpg,dense_residential,dense_residential,0.9992940425872803,PASS,
dataset\set 23\dense_residential\denseresidential325.jpg,dense_residential,dense_residential,0.9997547268867493,PASS,
dataset\set 23\dense_residential\denseresidential326.jpg,dense_residential,dense_residential,0.9997214674949646,PASS,
dataset\set 23\dense_residential\denseresidential327.jpg,dense_residential,dense_residential,0.9997895359992981,PASS,
dataset\set 23\dense_residential\denseresidential328.jpg,dense_residential,dense_residential,0.999420166015625,PASS,
dataset\set 23\dense_residential\denseresidential329.jpg,dense_residential,dense_residential,0.9974601864814758,PASS,
dataset\set 23\dense_residential\denseresidential330.jpg,dense_residential,dense_residential,0.9968838095664978,PASS,
dataset\set 23\dense_residential\denseresidential331.jpg,dense_residential,dense_residential,0.9925763607025146,PASS,
dataset\set 23\dense_residential\denseresidential332.jpg,dense_residential,dense_residential,0.9994669556617737,PASS,
dataset\set 23\dense_residential\denseresidential333.jpg,dense_residential,dense_residential,0.9461272954940796,PASS,
dataset\set 23\dense_residential\denseresidential334.jpg,dense_residential,dense_residential,0.9993736147880554,PASS,
dataset\set 23\dense_residential\denseresidential335.jpg,dense_residential,dense_residential,0.9996695518493652,PASS,
dataset\set 23\dense_residential\denseresidential336.jpg,dense_residential,dense_residential,0.9963127970695496,PASS,
dataset\set 23\dense_residential\denseresidential337.jpg,dense_residential,dense_residential,0.9472286701202393,PASS,
dataset\set 23\dense_residential\denseresidential338.jpg,dense_residential,dense_residential,0.9963147044181824,PASS,
dataset\set 23\dense_residential\denseresidential339.jpg,dense_residential,dense_residential,0.8069287538528442,PASS,
dataset\set 23\dense_residential\denseresidential340.jpg,dense_residential,dense_residential,0.9499834775924683,PASS,
dataset\set 23\dense_residential\denseresidential341.jpg,dense_residential,coastal_mansion,0.9504424333572388,FAIL,
dataset\set 23\dense_residential\denseresidential342.jpg,dense_residential,dense_residential,0.9716118574142456,PASS,
dataset\set 23\dense_residential\denseresidential343.jpg,dense_residential,dense_residential,0.9610083103179932,PASS,
dataset\set 23\dense_residential\denseresidential344.jpg,dense_residential,coastal_mansion,0.8751961588859558,FAIL,
dataset\set 23\dense_residential\denseresidential345.jpg,dense_residential,dense_residential,0.9934355020523071,PASS,
dataset\set 23\dense_residential\denseresidential346.jpg,dense_residential,dense_residential,0.9902847409248352,PASS,
dataset\set 23\dense_residential\denseresidential347.jpg,dense_residential,dense_residential,0.9260124564170837,PASS,
dataset\set 23\dense_residential\denseresidential348.jpg,dense_residential,dense_residential,0.8337421417236328,PASS,
dataset\set 23\dense_residential\denseresidential349.jpg,dense_residential,dense_residential,0.9657711386680603,PASS,
dataset\set 23\dense_residential\denseresidential350.jpg,dense_residential,dense_residential,0.9599799513816833,PASS,
dataset\set 23\dense_residential\denseresidential351.jpg,dense_residential,dense_residential,0.913997232913971,PASS,
dataset\set 23\dense_residential\denseresidential352.jpg,dense_residential,dense_residential,0.9745014905929565,PASS,
dataset\set 23\dense_residential\denseresidential353.jpg,dense_residential,dense_residential,0.8708800077438354,PASS,
dataset\set 23\dense_residential\denseresidential354.jpg,dense_residential,dense_residential,0.9944658875465393,PASS,
dataset\set 23\dense_residential\denseresidential355.jpg,dense_residential,dense_residential,0.9717957377433777,PASS,
dataset\set 23\dense_residential\denseresidential356.jpg,dense_residential,dense_residential,0.9680711030960083,PASS,
dataset\set 23\dense_residential\denseresidential357.jpg,dense_residential,dense_residential,0.9787341356277466,PASS,
dataset\set 23\dense_residential\denseresidential358.jpg,dense_residential,dense_residential,0.679251492023468,PASS,
dataset\set 23\dense_residential\denseresidential359.jpg,dense_residential,dense_residential,0.982485294342041,PASS,
dataset\set 23\dense_residential\denseresidential360.jpg,dense_residential,dense_residential,0.9062022566795349,PASS,
dataset\set 23\dense_residential\denseresidential361.jpg,dense_residential,dense_residential,0.8633440136909485,PASS,
dataset\set 23\dense_residential\denseresidential362.jpg,dense_residential,dense_residential,0.9667588472366333,PASS,
dataset\set 23\dense_residential\denseresidential363.jpg,dense_residential,dense_residential,0.9475083351135254,PASS,
dataset\set 23\dense_residential\denseresidential364.jpg,dense_residential,dense_residential,0.67409348487854,PASS,
dataset\set 23\dense_residential\denseresidential365.jpg,dense_residential,dense_residential,0.9514538645744324,PASS,
dataset\set 23\dense_residential\denseresidential366.jpg,dense_residential,dense_residential,0.8529167771339417,PASS,
dataset\set 23\dense_residential\denseresidential367.jpg,dense_residential,dense_residential,0.6334233283996582,PASS,
dataset\set 23\dense_residential\denseresidential368.jpg,dense_residential,dense_residential,0.5916153192520142,PASS,
dataset\set 23\dense_residential\denseresidential369.jpg,dense_residential,dense_residential,0.9729827642440796,PASS,
dataset\set 23\dense_residential\denseresidential370.jpg,dense_residential,dense_residential,0.9539631009101868,PASS,
dataset\set 23\dense_residential\denseresidential371.jpg,dense_residential,dense_residential,0.940160870552063,PASS,
dataset\set 23\dense_residential\denseresidential372.jpg,dense_residential,dense_residential,0.9886123538017273,PASS,
dataset\set 23\dense_residential\denseresidential373.jpg,dense_residential,dense_residential,0.9636095762252808,PASS,
dataset\set 23\dense_residential\denseresidential374.jpg,dense_residential,dense_residential,0.9604371786117554,PASS,
dataset\set 23\dense_residential\denseresidential375.jpg,dense_residential,dense_residential,0.9987917542457581,PASS,
dataset\set 23\dense_residential\denseresidential376.jpg,dense_residential,dense_residential,0.9923018217086792,PASS,
dataset\set 23\dense_residential\denseresidential377.jpg,dense_residential,dense_residential,0.9982224106788635,PASS,
dataset\set 23\dense_residential\denseresidential378.jpg,dense_residential,dense_residential,0.997268557548523,PASS,
dataset\set 23\dense_residential\denseresidential379.jpg,dense_residential,dense_residential,0.9866496920585632,PASS,
dataset\set 23\dense_residential\denseresidential380.jpg,dense_residential,dense_residential,0.9662008285522461,PASS,
dataset\set 23\dense_residential\denseresidential381.jpg,dense_residential,dense_residential,0.758484423160553,PASS,
dataset\set 23\dense_residential\denseresidential382.jpg,dense_residential,dense_residential,0.975498378276825,PASS,
dataset\set 23\dense_residential\denseresidential383.jpg,dense_residential,dense_residential,0.9926720857620239,PASS,
dataset\set 23\dense_residential\denseresidential384.jpg,dense_residential,dense_residential,0.997779905796051,PASS,
dataset\set 23\dense_residential\denseresidential385.jpg,dense_residential,dense_residential,0.9766371250152588,PASS,
dataset\set 23\dense_residential\denseresidential386.jpg,dense_residential,dense_residential,0.9611126184463501,PASS,
dataset\set 23\dense_residential\denseresidential387.jpg,dense_residential,dense_residential,0.9896215200424194,PASS,
dataset\set 23\dense_residential\denseresidential388.jpg,dense_residential,dense_residential,0.7814227342605591,PASS,
dataset\set 23\dense_residential\denseresidential389.jpg,dense_residential,dense_residential,0.9874417781829834,PASS,
dataset\set 23\dense_residential\denseresidential390.jpg,dense_residential,dense_residential,0.9890896677970886,PASS,
dataset\set 23\dense_residential\denseresidential391.jpg,dense_residential,dense_residential,0.9896141886711121,PASS,
dataset\set 23\dense_residential\denseresidential392.jpg,dense_residential,dense_residential,0.9698412418365479,PASS,
dataset\set 23\dense_residential\denseresidential393.jpg,dense_residential,dense_residential,0.9178156852722168,PASS,
dataset\set 23\dense_residential\denseresidential394.jpg,dense_residential,dense_residential,0.9519811868667603,PASS,
dataset\set 23\dense_residential\denseresidential395.jpg,dense_residential,dense_residential,0.9692809581756592,PASS,
dataset\set 23\dense_residential\denseresidential396.jpg,dense_residential,dense_residential,0.9322447776794434,PASS,
dataset\set 23\dense_residential\denseresidential397.jpg,dense_residential,dense_residential,0.9810411334037781,PASS,
dataset\set 23\dense_residential\denseresidential398.jpg,dense_residential,dense_residential,0.9627825617790222,PASS,
dataset\set 23\dense_residential\denseresidential399.jpg,dense_residential,dense_residential,0.8726605176925659,PASS,
dataset\set 23\dense_residential\denseresidential400.jpg,dense_residential,dense_residential,0.9799591302871704,PASS,
dataset\set 23\dense_residential\denseresidential401.jpg,dense_residential,dense_residential,0.9853743314743042,PASS,
dataset\set 23\dense_residential\denseresidential402.jpg,dense_residential,dense_residential,0.9832555055618286,PASS,
dataset\set 23\dense_residential\denseresidential403.jpg,dense_residential,dense_residential,0.833376407623291,PASS,
dataset\set 23\dense_residential\denseresidential404.jpg,dense_residential,dense_residential,0.9725399017333984,PASS,
dataset\set 23\dense_residential\denseresidential405.jpg,dense_residential,dense_residential,0.9700669050216675,PASS,
dataset\set 23\dense_residential\denseresidential406.jpg,dense_residential,dense_residential,0.951897382736206,PASS,
dataset\set 23\dense_residential\denseresidential407.jpg,dense_residential,dense_residential,0.9913552403450012,PASS,
dataset\set 23\dense_residential\denseresidential408.jpg,dense_residential,dense_residential,0.9939951300621033,PASS,
dataset\set 23\dense_residential\denseresidential409.jpg,dense_residential,dense_residential,0.9938992261886597,PASS,
dataset\set 23\dense_residential\denseresidential410.jpg,dense_residential,dense_residential,0.7649028897285461,PASS,
dataset\set 23\dense_residential\denseresidential411.jpg,dense_residential,dense_residential,0.9354671239852905,PASS,
dataset\set 23\dense_residential\denseresidential412.jpg,dense_residential,dense_residential,0.9852223992347717,PASS,
dataset\set 23\dense_residential\denseresidential413.jpg,dense_residential,dense_residential,0.8396127820014954,PASS,
dataset\set 23\dense_residential\denseresidential414.jpg,dense_residential,dense_residential,0.9895504117012024,PASS,
dataset\set 23\dense_residential\denseresidential415.jpg,dense_residential,dense_residential,0.9556608200073242,PASS,
dataset\set 23\dense_residential\denseresidential416.jpg,dense_residential,dense_residential,0.5224989056587219,PASS,
dataset\set 23\dense_residential\denseresidential417.jpg,dense_residential,sparse_residential,0.4034537971019745,FAIL,
dataset\set 23\dense_residential\denseresidential418.jpg,dense_residential,dense_residential,0.7949270606040955,PASS,
dataset\set 23\dense_residential\denseresidential419.jpg,dense_residential,dense_residential,0.9929168224334717,PASS,
dataset\set 23\dense_residential\denseresidential420.jpg,dense_residential,dense_residential,0.9729332327842712,PASS,
dataset\set 23\dense_residential\denseresidential421.jpg,dense_residential,dense_residential,0.9818422794342041,PASS,
dataset\set 23\dense_residential\denseresidential422.jpg,dense_residential,dense_residential,0.5910941958427429,PASS,
dataset\set 23\dense_residential\denseresidential423.jpg,dense_residential,dense_residential,0.740166962146759,PASS,
dataset\set 23\dense_residential\denseresidential424.jpg,dense_residential,dense_residential,0.7222208380699158,PASS,
dataset\set 23\dense_residential\denseresidential425.jpg,dense_residential,dense_residential,0.9477174282073975,PASS,
dataset\set 23\dense_residential\denseresidential426.jpg,dense_residential,dense_residential,0.9255998730659485,PASS,
dataset\set 23\dense_residential\denseresidential427.jpg,dense_residential,dense_residential,0.5678420662879944,PASS,
dataset\set 23\dense_residential\denseresidential428.jpg,dense_residential,dense_residential,0.9672523140907288,PASS,
dataset\set 23\dense_residential\denseresidential429.jpg,dense_residential,dense_residential,0.9668697118759155,PASS,
dataset\set 23\dense_residential\denseresidential430.jpg,dense_residential,dense_residential,0.8104302287101746,PASS,
dataset\set 23\dense_residential\denseresidential431.jpg,dense_residential,dense_residential,0.9480469822883606,PASS,
dataset\set 23\dense_residential\denseresidential432.jpg,dense_residential,dense_residential,0.9167778491973877,PASS,
dataset\set 23\dense_residential\denseresidential433.jpg,dense_residential,dense_residential,0.8662823438644409,PASS,
dataset\set 23\dense_residential\denseresidential434.jpg,dense_residential,dense_residential,0.4008902311325073,FAIL,
dataset\set 23\dense_residential\denseresidential435.jpg,dense_residential,dense_residential,0.940181314945221,PASS,
dataset\set 23\dense_residential\denseresidential436.jpg,dense_residential,dense_residential,0.974082887172699,PASS,
dataset\set 23\dense_residential\denseresidential437.jpg,dense_residential,dense_residential,0.9840272665023804,PASS,
dataset\set 23\dense_residential\denseresidential438.jpg,dense_residential,dense_residential,0.4433842897415161,FAIL,
dataset\set 23\dense_residential\denseresidential439.jpg,dense_residential,dense_residential,0.9962190985679626,PASS,
dataset\set 23\dense_residential\denseresidential440.jpg,dense_residential,dense_residential,0.9797117114067078,PASS,
dataset\set 23\dense_residential\denseresidential441.jpg,dense_residential,dense_residential,0.9856594800949097,PASS,
dataset\set 23\dense_residential\denseresidential442.jpg,dense_residential,dense_residential,0.9627484083175659,PASS,
dataset\set 23\dense_residential\denseresidential443.jpg,dense_residential,dense_residential,0.9924069046974182,PASS,
dataset\set 23\dense_residential\denseresidential444.jpg,dense_residential,dense_residential,0.6657677292823792,PASS,
dataset\set 23\dense_residential\denseresidential445.jpg,dense_residential,dense_residential,0.4910813868045807,FAIL,
dataset\set 23\dense_residential\denseresidential446.jpg,dense_residential,dense_residential,0.9777632355690002,PASS,
dataset\set 23\dense_residential\denseresidential447.jpg,dense_residential,dense_residential,0.5239488482475281,PASS,
dataset\set 23\dense_residential\denseresidential448.jpg,dense_residential,dense_residential,0.9895897507667542,PASS,
dataset\set 23\dense_residential\denseresidential449.jpg,dense_residential,dense_residential,0.8402590155601501,PASS,
dataset\set 23\dense_residential\denseresidential450.jpg,dense_residential,dense_residential,0.8545029759407043,PASS,
dataset\set 23\dense_residential\denseresidential451.jpg,dense_residential,dense_residential,0.9161102175712585,PASS,
dataset\set 23\dense_residential\denseresidential452.jpg,dense_residential,dense_residential,0.996100902557373,PASS,
dataset\set 23\dense_residential\denseresidential453.jpg,dense_residential,dense_residential,0.9706712365150452,PASS,
dataset\set 23\dense_residential\denseresidential454.jpg,dense_residential,dense_residential,0.8759968280792236,PASS,
dataset\set 23\dense_residential\denseresidential455.jpg,dense_residential,dense_residential,0.9300509691238403,PASS,
dataset\set 23\dense_residential\denseresidential456.jpg,dense_residential,dense_residential,0.9743837714195251,PASS,
dataset\set 23\dense_residential\denseresidential457.jpg,dense_residential,dense_residential,0.9484866857528687,PASS,
dataset\set 23\dense_residential\denseresidential458.jpg,dense_residential,dense_residential,0.9435023069381714,PASS,
dataset\set 23\dense_residential\denseresidential459.jpg,dense_residential,dense_residential,0.9993775486946106,PASS,
dataset\set 23\dense_residential\denseresidential460.jpg,dense_residential,dense_residential,0.998717188835144,PASS,
dataset\set 23\dense_residential\denseresidential461.jpg,dense_residential,dense_residential,0.9893290400505066,PASS,
dataset\set 23\dense_residential\denseresidential462.jpg,dense_residential,dense_residential,0.9878982901573181,PASS,
dataset\set 23\dense_residential\denseresidential463.jpg,dense_residential,dense_residential,0.9917730689048767,PASS,
dataset\set 23\dense_residential\denseresidential464.jpg,dense_residential,dense_residential,0.989623486995697,PASS,
dataset\set 23\dense_residential\denseresidential465.jpg,dense_residential,dense_residential,0.9979236125946045,PASS,
dataset\set 23\dense_residential\denseresidential466.jpg,dense_residential,dense_residential,0.96468585729599,PASS,
dataset\set 23\dense_residential\denseresidential467.jpg,dense_residential,dense_residential,0.998611330986023,PASS,
dataset\set 23\dense_residential\denseresidential468.jpg,dense_residential,dense_residential,0.9986097812652588,PASS,
dataset\set 23\dense_residential\denseresidential469.jpg,dense_residential,dense_residential,0.9961380362510681,PASS,
dataset\set 23\dense_residential\denseresidential470.jpg,dense_residential,dense_residential,0.9952200055122375,PASS,
dataset\set 23\dense_residential\denseresidential471.jpg,dense_residential,dense_residential,0.9976552724838257,PASS,
dataset\set 23\dense_residential\denseresidential472.jpg,dense_residential,dense_residential,0.9983205199241638,PASS,
dataset\set 23\dense_residential\denseresidential473.jpg,dense_residential,dense_residential,0.9907932877540588,PASS,
dataset\set 23\dense_residential\denseresidential474.jpg,dense_residential,dense_residential,0.9964460730552673,PASS,
dataset\set 23\dense_residential\denseresidential475.jpg,dense_residential,dense_residential,0.9935543537139893,PASS,
dataset\set 23\dense_residential\denseresidential476.jpg,dense_residential,dense_residential,0.999052107334137,PASS,
dataset\set 23\dense_residential\denseresidential477.jpg,dense_residential,dense_residential,0.9924760460853577,PASS,
dataset\set 23\dense_residential\denseresidential478.jpg,dense_residential,dense_residential,0.997858464717865,PASS,
dataset\set 23\dense_residential\denseresidential479.jpg,dense_residential,dense_residential,0.9870850443840027,PASS,
dataset\set 23\dense_residential\denseresidential480.jpg,dense_residential,dense_residential,0.9633050560951233,PASS,
dataset\set 23\dense_residential\denseresidential481.jpg,dense_residential,dense_residential,0.9640417098999023,PASS,
dataset\set 23\dense_residential\denseresidential482.jpg,dense_residential,dense_residential,0.999255359172821,PASS,
dataset\set 23\dense_residential\denseresidential483.jpg,dense_residential,dense_residential,0.9959838390350342,PASS,
dataset\set 23\dense_residential\denseresidential484.jpg,dense_residential,dense_residential,0.9380334615707397,PASS,
dataset\set 23\dense_residential\denseresidential485.jpg,dense_residential,dense_residential,0.8461380004882812,PASS,
dataset\set 23\dense_residential\denseresidential486.jpg,dense_residential,dense_residential,0.9987149238586426,PASS,
dataset\set 23\dense_residential\denseresidential487.jpg,dense_residential,nursing_home,0.7611705660820007,FAIL,
dataset\set 23\dense_residential\denseresidential488.jpg,dense_residential,dense_residential,0.9935804605484009,PASS,
dataset\set 23\dense_residential\denseresidential489.jpg,dense_residential,dense_residential,0.9975153207778931,PASS,
dataset\set 23\dense_residential\denseresidential490.jpg,dense_residential,dense_residential,0.9962543249130249,PASS,
dataset\set 23\dense_residential\denseresidential491.jpg,dense_residential,nursing_home,0.9831710457801819,FAIL,
dataset\set 23\dense_residential\denseresidential492.jpg,dense_residential,dense_residential,0.9993653893470764,PASS,
dataset\set 23\dense_residential\denseresidential493.jpg,dense_residential,dense_residential,0.9921676516532898,PASS,
dataset\set 23\dense_residential\denseresidential494.jpg,dense_residential,dense_residential,0.9995434880256653,PASS,
dataset\set 23\dense_residential\denseresidential495.jpg,dense_residential,dense_residential,0.9782780408859253,PASS,
dataset\set 23\dense_residential\denseresidential496.jpg,dense_residential,dense_residential,0.9656764268875122,PASS,
dataset\set 23\dense_residential\denseresidential497.jpg,dense_residential,dense_residential,0.9997325539588928,PASS,
dataset\set 23\dense_residential\denseresidential498.jpg,dense_residential,dense_residential,0.968940794467926,PASS,
dataset\set 23\dense_residential\denseresidential499.jpg,dense_residential,dense_residential,0.9988235831260681,PASS,
dataset\set 23\dense_residential\denseresidential500.jpg,dense_residential,dense_residential,0.9976479411125183,PASS,
dataset\set 23\dense_residential\denseresidential501.jpg,dense_residential,dense_residential,0.9671161770820618,PASS,
dataset\set 23\dense_residential\denseresidential502.jpg,dense_residential,dense_residential,0.9889306426048279,PASS,
dataset\set 23\dense_residential\denseresidential503.jpg,dense_residential,dense_residential,0.7683936357498169,PASS,
dataset\set 23\dense_residential\denseresidential504.jpg,dense_residential,dense_residential,0.931184709072113,PASS,
dataset\set 23\dense_residential\denseresidential505.jpg,dense_residential,sparse_residential,0.5526024699211121,FAIL,
dataset\set 23\dense_residential\denseresidential506.jpg,dense_residential,dense_residential,0.6763063669204712,PASS,
dataset\set 23\dense_residential\denseresidential507.jpg,dense_residential,dense_residential,0.9926222562789917,PASS,
dataset\set 23\dense_residential\denseresidential508.jpg,dense_residential,dense_residential,0.9261389374732971,PASS,
dataset\set 23\dense_residential\denseresidential509.jpg,dense_residential,dense_residential,0.6400424242019653,PASS,
dataset\set 23\dense_residential\denseresidential510.jpg,dense_residential,dense_residential,0.863853394985199,PASS,
dataset\set 23\dense_residential\denseresidential511.jpg,dense_residential,dense_residential,0.9374841451644897,PASS,
dataset\set 23\dense_residential\denseresidential512.jpg,dense_residential,dense_residential,0.9726043939590454,PASS,
dataset\set 23\dense_residential\denseresidential513.jpg,dense_residential,dense_residential,0.47606953978538513,FAIL,
dataset\set 23\dense_residential\denseresidential514.jpg,dense_residential,dense_residential,0.9874667525291443,PASS,
dataset\set 23\dense_residential\denseresidential515.jpg,dense_residential,dense_residential,0.9882176518440247,PASS,
dataset\set 23\dense_residential\denseresidential516.jpg,dense_residential,dense_residential,0.6688207387924194,PASS,
dataset\set 23\dense_residential\denseresidential517.jpg,dense_residential,dense_residential,0.9767221212387085,PASS,
dataset\set 23\dense_residential\denseresidential518.jpg,dense_residential,sparse_residential,0.8602638840675354,FAIL,
dataset\set 23\dense_residential\denseresidential519.jpg,dense_residential,sparse_residential,0.679135799407959,FAIL,
dataset\set 23\dense_residential\denseresidential520.jpg,dense_residential,dense_residential,0.9950129389762878,PASS,
dataset\set 23\dense_residential\denseresidential521.jpg,dense_residential,dense_residential,0.9962510466575623,PASS,
dataset\set 23\dense_residential\denseresidential522.jpg,dense_residential,dense_residential,0.991131603717804,PASS,
dataset\set 23\dense_residential\denseresidential523.jpg,dense_residential,dense_residential,0.9960591793060303,PASS,
dataset\set 23\dense_residential\denseresidential524.jpg,dense_residential,dense_residential,0.9878578186035156,PASS,
dataset\set 23\dense_residential\denseresidential525.jpg,dense_residential,dense_residential,0.9671189785003662,PASS,
dataset\set 23\dense_residential\denseresidential526.jpg,dense_residential,dense_residential,0.5530313849449158,PASS,
dataset\set 23\dense_residential\denseresidential527.jpg,dense_residential,dense_residential,0.9728215336799622,PASS,
dataset\set 23\dense_residential\denseresidential528.jpg,dense_residential,dense_residential,0.9969133138656616,PASS,
dataset\set 23\dense_residential\denseresidential529.jpg,dense_residential,sparse_residential,0.5388429760932922,FAIL,
dataset\set 23\dense_residential\denseresidential530.jpg,dense_residential,dense_residential,0.8626973628997803,PASS,
dataset\set 23\dense_residential\denseresidential531.jpg,dense_residential,dense_residential,0.9897359609603882,PASS,
dataset\set 23\dense_residential\denseresidential532.jpg,dense_residential,dense_residential,0.7631169557571411,PASS,
dataset\set 23\dense_residential\denseresidential533.jpg,dense_residential,dense_residential,0.6617993712425232,PASS,
dataset\set 23\dense_residential\denseresidential534.jpg,dense_residential,dense_residential,0.9968714118003845,PASS,
dataset\set 23\dense_residential\denseresidential535.jpg,dense_residential,sparse_residential,0.8435571193695068,FAIL,
dataset\set 23\dense_residential\denseresidential536.jpg,dense_residential,dense_residential,0.9969050288200378,PASS,
dataset\set 23\dense_residential\denseresidential537.jpg,dense_residential,dense_residential,0.9983194470405579,PASS,
dataset\set 23\dense_residential\denseresidential538.jpg,dense_residential,dense_residential,0.6963487267494202,PASS,
dataset\set 23\dense_residential\denseresidential539.jpg,dense_residential,dense_residential,0.9971500039100647,PASS,
dataset\set 23\dense_residential\denseresidential540.jpg,dense_residential,dense_residential,0.981938898563385,PASS,
dataset\set 23\dense_residential\denseresidential541.jpg,dense_residential,dense_residential,0.9993884563446045,PASS,
dataset\set 23\dense_residential\denseresidential542.jpg,dense_residential,dense_residential,0.9991410970687866,PASS,
dataset\set 23\dense_residential\denseresidential543.jpg,dense_residential,dense_residential,0.9980728626251221,PASS,
dataset\set 23\dense_residential\denseresidential544.jpg,dense_residential,dense_residential,0.9981246590614319,PASS,
dataset\set 23\dense_residential\denseresidential545.jpg,dense_residential,dense_residential,0.7054593563079834,PASS,
dataset\set 23\dense_residential\denseresidential546.jpg,dense_residential,sparse_residential,0.6247828006744385,FAIL,
dataset\set 23\dense_residential\denseresidential547.jpg,dense_residential,dense_residential,0.9995079040527344,PASS,
dataset\set 23\dense_residential\denseresidential548.jpg,dense_residential,dense_residential,0.983693540096283,PASS,
dataset\set 23\dense_residential\denseresidential549.jpg,dense_residential,dense_residential,0.972277820110321,PASS,
dataset\set 23\dense_residential\denseresidential550.jpg,dense_residential,dense_residential,0.9528001546859741,PASS,
dataset\set 23\dense_residential\denseresidential551.jpg,dense_residential,dense_residential,0.9793471693992615,PASS,
dataset\set 23\dense_residential\denseresidential552.jpg,dense_residential,dense_residential,0.9930140376091003,PASS,
dataset\set 23\dense_residential\denseresidential553.jpg,dense_residential,dense_residential,0.9834061861038208,PASS,
dataset\set 23\dense_residential\denseresidential554.jpg,dense_residential,dense_residential,0.9826785326004028,PASS,
dataset\set 23\dense_residential\denseresidential555.jpg,dense_residential,dense_residential,0.9707148671150208,PASS,
dataset\set 23\dense_residential\denseresidential556.jpg,dense_residential,dense_residential,0.9970061182975769,PASS,
dataset\set 23\dense_residential\denseresidential557.jpg,dense_residential,dense_residential,0.9926096796989441,PASS,
dataset\set 23\dense_residential\denseresidential558.jpg,dense_residential,dense_residential,0.9960960745811462,PASS,
dataset\set 23\dense_residential\denseresidential559.jpg,dense_residential,dense_residential,0.9945618510246277,PASS,
dataset\set 23\dense_residential\denseresidential560.jpg,dense_residential,dense_residential,0.8069819211959839,PASS,
dataset\set 23\dense_residential\denseresidential561.jpg,dense_residential,dense_residential,0.9266077876091003,PASS,
dataset\set 23\dense_residential\denseresidential562.jpg,dense_residential,sparse_residential,0.9171419143676758,FAIL,
dataset\set 23\dense_residential\denseresidential563.jpg,dense_residential,dense_residential,0.9955515265464783,PASS,
dataset\set 23\dense_residential\denseresidential564.jpg,dense_residential,dense_residential,0.9960718154907227,PASS,
dataset\set 23\dense_residential\denseresidential565.jpg,dense_residential,dense_residential,0.8926440477371216,PASS,
dataset\set 23\dense_residential\denseresidential566.jpg,dense_residential,dense_residential,0.9988330006599426,PASS,
dataset\set 23\dense_residential\denseresidential567.jpg,dense_residential,dense_residential,0.9473783373832703,PASS,
dataset\set 23\dense_residential\denseresidential568.jpg,dense_residential,dense_residential,0.9995039701461792,PASS,
dataset\set 23\dense_residential\denseresidential569.jpg,dense_residential,dense_residential,0.9808413982391357,PASS,
dataset\set 23\dense_residential\denseresidential570.jpg,dense_residential,dense_residential,0.9996354579925537,PASS,
dataset\set 23\dense_residential\denseresidential571.jpg,dense_residential,dense_residential,0.9916543960571289,PASS,
dataset\set 23\dense_residential\denseresidential572.jpg,dense_residential,dense_residential,0.9960808157920837,PASS,
dataset\set 23\dense_residential\denseresidential573.jpg,dense_residential,dense_residential,0.7082790732383728,PASS,
dataset\set 23\dense_residential\denseresidential574.jpg,dense_residential,dense_residential,0.9925684928894043,PASS,
dataset\set 23\dense_residential\denseresidential575.jpg,dense_residential,dense_residential,0.9961647987365723,PASS,
dataset\set 23\dense_residential\denseresidential576.jpg,dense_residential,dense_residential,0.9987683892250061,PASS,
dataset\set 23\dense_residential\denseresidential577.jpg,dense_residential,dense_residential,0.9904230833053589,PASS,
dataset\set 23\dense_residential\denseresidential578.jpg,dense_residential,dense_residential,0.9801801443099976,PASS,
dataset\set 23\dense_residential\denseresidential579.jpg,dense_residential,dense_residential,0.886249840259552,PASS,
dataset\set 23\dense_residential\denseresidential580.jpg,dense_residential,dense_residential,0.9472947120666504,PASS,
dataset\set 23\dense_residential\denseresidential581.jpg,dense_residential,dense_residential,0.7848832607269287,PASS,
dataset\set 23\dense_residential\denseresidential582.jpg,dense_residential,dense_residential,0.9801196455955505,PASS,
dataset\set 23\dense_residential\denseresidential583.jpg,dense_residential,dense_residential,0.9967237114906311,PASS,
dataset\set 23\dense_residential\denseresidential584.jpg,dense_residential,dense_residential,0.9948990941047668,PASS,
dataset\set 23\dense_residential\denseresidential585.jpg,dense_residential,dense_residential,0.9975858926773071,PASS,
dataset\set 23\dense_residential\denseresidential586.jpg,dense_residential,dense_residential,0.9995874762535095,PASS,
dataset\set 23\dense_residential\denseresidential587.jpg,dense_residential,dense_residential,0.9876156449317932,PASS,
dataset\set 23\dense_residential\denseresidential588.jpg,dense_residential,dense_residential,0.6474647521972656,PASS,
dataset\set 23\dense_residential\denseresidential589.jpg,dense_residential,dense_residential,0.998114824295044,PASS,
dataset\set 23\dense_residential\denseresidential590.jpg,dense_residential,dense_residential,0.9963498115539551,PASS,
dataset\set 23\dense_residential\denseresidential591.jpg,dense_residential,dense_residential,0.5400832891464233,PASS,
dataset\set 23\dense_residential\denseresidential592.jpg,dense_residential,dense_residential,0.9642900824546814,PASS,
dataset\set 23\dense_residential\denseresidential593.jpg,dense_residential,dense_residential,0.9967525005340576,PASS,
dataset\set 23\dense_residential\denseresidential594.jpg,dense_residential,dense_residential,0.9408248662948608,PASS,
dataset\set 23\dense_residential\denseresidential595.jpg,dense_residential,dense_residential,0.9977843165397644,PASS,
dataset\set 23\dense_residential\denseresidential596.jpg,dense_residential,dense_residential,0.9939026832580566,PASS,
dataset\set 23\dense_residential\denseresidential597.jpg,dense_residential,dense_residential,0.5890498161315918,PASS,
dataset\set 23\dense_residential\denseresidential598.jpg,dense_residential,dense_residential,0.9977108240127563,PASS,
dataset\set 23\dense_residential\denseresidential599.jpg,dense_residential,dense_residential,0.9919717311859131,PASS,
dataset\set 23\dense_residential\denseresidential600.jpg,dense_residential,dense_residential,0.9865824580192566,PASS,
dataset\set 23\dense_residential\denseresidential601.jpg,dense_residential,dense_residential,0.9990013241767883,PASS,
dataset\set 23\dense_residential\denseresidential602.jpg,dense_residential,dense_residential,0.9728345274925232,PASS,
dataset\set 23\dense_residential\denseresidential603.jpg,dense_residential,dense_residential,0.9919954538345337,PASS,
dataset\set 23\dense_residential\denseresidential604.jpg,dense_residential,dense_residential,0.9883667826652527,PASS,
dataset\set 23\dense_residential\denseresidential605.jpg,dense_residential,dense_residential,0.9006235599517822,PASS,
dataset\set 23\dense_residential\denseresidential606.jpg,dense_residential,dense_residential,0.7872957587242126,PASS,
dataset\set 23\dense_residential\denseresidential607.jpg,dense_residential,dense_residential,0.9244787096977234,PASS,
dataset\set 23\dense_residential\denseresidential608.jpg,dense_residential,dense_residential,0.9682563543319702,PASS,
dataset\set 23\dense_residential\denseresidential609.jpg,dense_residential,dense_residential,0.5928825736045837,PASS,
dataset\set 23\dense_residential\denseresidential610.jpg,dense_residential,dense_residential,0.7120903730392456,PASS,
dataset\set 23\dense_residential\denseresidential611.jpg,dense_residential,coastal_mansion,0.4036611318588257,FAIL,
dataset\set 23\dense_residential\denseresidential612.jpg,dense_residential,dense_residential,0.9850736260414124,PASS,
dataset\set 23\dense_residential\denseresidential613.jpg,dense_residential,dense_residential,0.7246303558349609,PASS,
dataset\set 23\dense_residential\denseresidential614.jpg,dense_residential,dense_residential,0.9165922403335571,PASS,
dataset\set 23\dense_residential\denseresidential615.jpg,dense_residential,dense_residential,0.9974924325942993,PASS,
dataset\set 23\dense_residential\denseresidential616.jpg,dense_residential,dense_residential,0.9946480393409729,PASS,
dataset\set 23\dense_residential\denseresidential617.jpg,dense_residential,dense_residential,0.8486535549163818,PASS,
dataset\set 23\dense_residential\denseresidential618.jpg,dense_residential,dense_residential,0.94390869140625,PASS,
dataset\set 23\dense_residential\denseresidential619.jpg,dense_residential,dense_residential,0.9577279686927795,PASS,
dataset\set 23\dense_residential\denseresidential620.jpg,dense_residential,dense_residential,0.9748377203941345,PASS,
dataset\set 23\dense_residential\denseresidential621.jpg,dense_residential,dense_residential,0.7959824204444885,PASS,
dataset\set 23\dense_residential\denseresidential622.jpg,dense_residential,dense_residential,0.9748975038528442,PASS,
dataset\set 23\dense_residential\denseresidential623.jpg,dense_residential,dense_residential,0.9869409203529358,PASS,
dataset\set 23\dense_residential\denseresidential624.jpg,dense_residential,dense_residential,0.9963363409042358,PASS,
dataset\set 23\dense_residential\denseresidential625.jpg,dense_residential,dense_residential,0.9579281210899353,PASS,
dataset\set 23\dense_residential\denseresidential626.jpg,dense_residential,dense_residential,0.9737149477005005,PASS,
dataset\set 23\dense_residential\denseresidential627.jpg,dense_residential,dense_residential,0.96644127368927,PASS,
dataset\set 23\dense_residential\denseresidential628.jpg,dense_residential,dense_residential,0.9984636306762695,PASS,
dataset\set 23\dense_residential\denseresidential629.jpg,dense_residential,dense_residential,0.9875801205635071,PASS,
dataset\set 23\dense_residential\denseresidential630.jpg,dense_residential,dense_residential,0.9945835471153259,PASS,
dataset\set 23\dense_residential\denseresidential631.jpg,dense_residential,dense_residential,0.9964911341667175,PASS,
dataset\set 23\dense_residential\denseresidential632.jpg,dense_residential,dense_residential,0.9750389456748962,PASS,
dataset\set 23\dense_residential\denseresidential633.jpg,dense_residential,dense_residential,0.992206871509552,PASS,
dataset\set 23\dense_residential\denseresidential634.jpg,dense_residential,dense_residential,0.9966578483581543,PASS,
dataset\set 23\dense_residential\denseresidential635.jpg,dense_residential,dense_residential,0.9937708973884583,PASS,
dataset\set 23\dense_residential\denseresidential636.jpg,dense_residential,dense_residential,0.9394859671592712,PASS,
dataset\set 23\dense_residential\denseresidential637.jpg,dense_residential,dense_residential,0.9993985891342163,PASS,
dataset\set 23\dense_residential\denseresidential638.jpg,dense_residential,dense_residential,0.9995250701904297,PASS,
dataset\set 23\dense_residential\denseresidential639.jpg,dense_residential,dense_residential,0.9991135001182556,PASS,
dataset\set 23\dense_residential\denseresidential640.jpg,dense_residential,dense_residential,0.998516857624054,PASS,
dataset\set 23\dense_residential\denseresidential641.jpg,dense_residential,dense_residential,0.9944296479225159,PASS,
dataset\set 23\dense_residential\denseresidential642.jpg,dense_residential,dense_residential,0.9990384578704834,PASS,
dataset\set 23\dense_residential\denseresidential643.jpg,dense_residential,dense_residential,0.9977241158485413,PASS,
dataset\set 23\dense_residential\denseresidential644.jpg,dense_residential,dense_residential,0.9984599351882935,PASS,
dataset\set 23\dense_residential\denseresidential645.jpg,dense_residential,dense_residential,0.999404788017273,PASS,
dataset\set 23\dense_residential\denseresidential646.jpg,dense_residential,dense_residential,0.9998629093170166,PASS,
dataset\set 23\dense_residential\denseresidential647.jpg,dense_residential,dense_residential,0.9985858201980591,PASS,
dataset\set 23\dense_residential\denseresidential648.jpg,dense_residential,dense_residential,0.9976646900177002,PASS,
dataset\set 23\dense_residential\denseresidential649.jpg,dense_residential,dense_residential,0.9988345503807068,PASS,
dataset\set 23\dense_residential\denseresidential650.jpg,dense_residential,dense_residential,0.9986924529075623,PASS,
dataset\set 23\dense_residential\denseresidential651.jpg,dense_residential,dense_residential,0.9986904263496399,PASS,
dataset\set 23\dense_residential\denseresidential652.jpg,dense_residential,dense_residential,0.9940609335899353,PASS,
dataset\set 23\dense_residential\denseresidential653.jpg,dense_residential,dense_residential,0.9962994456291199,PASS,
dataset\set 23\dense_residential\denseresidential654.jpg,dense_residential,dense_residential,0.9811891317367554,PASS,
dataset\set 23\dense_residential\denseresidential655.jpg,dense_residential,dense_residential,0.9962934851646423,PASS,
dataset\set 23\dense_residential\denseresidential656.jpg,dense_residential,dense_residential,0.9993516802787781,PASS,
dataset\set 23\dense_residential\denseresidential657.jpg,dense_residential,dense_residential,0.9988455772399902,PASS,
dataset\set 23\dense_residential\denseresidential658.jpg,dense_residential,dense_residential,0.981144368648529,PASS,
dataset\set 23\dense_residential\denseresidential659.jpg,dense_residential,dense_residential,0.9008771181106567,PASS,
dataset\set 23\dense_residential\denseresidential660.jpg,dense_residential,dense_residential,0.8469809889793396,PASS,
dataset\set 23\dense_residential\denseresidential661.jpg,dense_residential,dense_residential,0.9419808387756348,PASS,
dataset\set 23\dense_residential\denseresidential662.jpg,dense_residential,dense_residential,0.9627647995948792,PASS,
dataset\set 23\dense_residential\denseresidential663.jpg,dense_residential,dense_residential,0.9728412628173828,PASS,
dataset\set 23\dense_residential\denseresidential664.jpg,dense_residential,dense_residential,0.9959816932678223,PASS,
dataset\set 23\dense_residential\denseresidential665.jpg,dense_residential,dense_residential,0.9824361801147461,PASS,
dataset\set 23\dense_residential\denseresidential666.jpg,dense_residential,dense_residential,0.9592943787574768,PASS,
dataset\set 23\dense_residential\denseresidential667.jpg,dense_residential,dense_residential,0.8068330883979797,PASS,
dataset\set 23\dense_residential\denseresidential668.jpg,dense_residential,dense_residential,0.9942873120307922,PASS,
dataset\set 23\dense_residential\denseresidential669.jpg,dense_residential,dense_residential,0.9779316782951355,PASS,
dataset\set 23\dense_residential\denseresidential670.jpg,dense_residential,coastal_mansion,0.5396732091903687,FAIL,
dataset\set 23\dense_residential\denseresidential671.jpg,dense_residential,dense_residential,0.9871764779090881,PASS,
dataset\set 23\dense_residential\denseresidential672.jpg,dense_residential,dense_residential,0.9911373853683472,PASS,
dataset\set 23\dense_residential\denseresidential673.jpg,dense_residential,dense_residential,0.9818533062934875,PASS,
dataset\set 23\dense_residential\denseresidential674.jpg,dense_residential,dense_residential,0.9903591275215149,PASS,
dataset\set 23\dense_residential\denseresidential675.jpg,dense_residential,dense_residential,0.9190666675567627,PASS,
dataset\set 23\dense_residential\denseresidential676.jpg,dense_residential,dense_residential,0.9967278242111206,PASS,
dataset\set 23\dense_residential\denseresidential677.jpg,dense_residential,dense_residential,0.975684642791748,PASS,
dataset\set 23\dense_residential\denseresidential678.jpg,dense_residential,dense_residential,0.9859946966171265,PASS,
dataset\set 23\dense_residential\denseresidential679.jpg,dense_residential,dense_residential,0.9987406134605408,PASS,
dataset\set 23\dense_residential\denseresidential680.jpg,dense_residential,dense_residential,0.8234533071517944,PASS,
dataset\set 23\dense_residential\denseresidential681.jpg,dense_residential,dense_residential,0.9931701421737671,PASS,
dataset\set 23\dense_residential\denseresidential682.jpg,dense_residential,dense_residential,0.993787407875061,PASS,
dataset\set 23\dense_residential\denseresidential683.jpg,dense_residential,dense_residential,0.9986745119094849,PASS,
dataset\set 23\dense_residential\denseresidential684.jpg,dense_residential,dense_residential,0.9879235625267029,PASS,
dataset\set 23\dense_residential\denseresidential685.jpg,dense_residential,dense_residential,0.9117099642753601,PASS,
dataset\set 23\dense_residential\denseresidential686.jpg,dense_residential,dense_residential,0.9522771239280701,PASS,
dataset\set 23\dense_residential\denseresidential687.jpg,dense_residential,dense_residential,0.9928802847862244,PASS,
dataset\set 23\dense_residential\denseresidential688.jpg,dense_residential,dense_residential,0.9854238629341125,PASS,
dataset\set 23\dense_residential\denseresidential689.jpg,dense_residential,dense_residential,0.9651616811752319,PASS,
dataset\set 23\dense_residential\denseresidential690.jpg,dense_residential,dense_residential,0.9747380018234253,PASS,
dataset\set 23\dense_residential\denseresidential691.jpg,dense_residential,dense_residential,0.9936969876289368,PASS,
dataset\set 23\dense_residential\denseresidential692.jpg,dense_residential,dense_residential,0.9852296710014343,PASS,
dataset\set 23\dense_residential\denseresidential693.jpg,dense_residential,dense_residential,0.936709463596344,PASS,
dataset\set 23\dense_residential\denseresidential694.jpg,dense_residential,dense_residential,0.9949722290039062,PASS,
dataset\set 23\dense_residential\denseresidential695.jpg,dense_residential,dense_residential,0.9931318163871765,PASS,
dataset\set 23\dense_residential\denseresidential696.jpg,dense_residential,dense_residential,0.8053096532821655,PASS,
dataset\set 23\dense_residential\denseresidential697.jpg,dense_residential,dense_residential,0.9026545286178589,PASS,
dataset\set 23\dense_residential\denseresidential698.jpg,dense_residential,dense_residential,0.9664757251739502,PASS,
dataset\set 23\dense_residential\denseresidential699.jpg,dense_residential,dense_residential,0.977139413356781,PASS,
dataset\set 23\dense_residential\denseresidential700.jpg,dense_residential,dense_residential,0.9426770806312561,PASS,
dataset\set 23\nursing_home\nursinghome001.jpg,nursing_home,nursing_home,0.7478285431861877,PASS,
dataset\set 23\nursing_home\nursinghome002.jpg,nursing_home,nursing_home,0.9768747091293335,PASS,
dataset\set 23\nursing_home\nursinghome003.jpg,nursing_home,nursing_home,0.9362385869026184,PASS,
dataset\set 23\nursing_home\nursinghome004.jpg,nursing_home,nursing_home,0.8438571691513062,PASS,
dataset\set 23\nursing_home\nursinghome005.jpg,nursing_home,nursing_home,0.9983881711959839,PASS,
dataset\set 23\nursing_home\nursinghome006.jpg,nursing_home,nursing_home,0.9579654335975647,PASS,
dataset\set 23\nursing_home\nursinghome007.jpg,nursing_home,nursing_home,0.9781994223594666,PASS,
dataset\set 23\nursing_home\nursinghome008.jpg,nursing_home,nursing_home,0.9953548908233643,PASS,
dataset\set 23\nursing_home\nursinghome009.jpg,nursing_home,nursing_home,0.6989240050315857,PASS,
dataset\set 23\nursing_home\nursinghome010.jpg,nursing_home,nursing_home,0.9976062774658203,PASS,
dataset\set 23\nursing_home\nursinghome011.jpg,nursing_home,nursing_home,0.9992932081222534,PASS,
dataset\set 23\nursing_home\nursinghome012.jpg,nursing_home,nursing_home,0.9815309047698975,PASS,
dataset\set 23\nursing_home\nursinghome013.jpg,nursing_home,nursing_home,0.961385190486908,PASS,
dataset\set 23\nursing_home\nursinghome014.jpg,nursing_home,nursing_home,0.7877751588821411,PASS,
dataset\set 23\nursing_home\nursinghome015.jpg,nursing_home,nursing_home,0.9736453294754028,PASS,
dataset\set 23\nursing_home\nursinghome016.jpg,nursing_home,nursing_home,0.9925360679626465,PASS,
dataset\set 23\nursing_home\nursinghome017.jpg,nursing_home,nursing_home,0.9814224243164062,PASS,
dataset\set 23\nursing_home\nursinghome018.jpg,nursing_home,nursing_home,0.9912400841712952,PASS,
dataset\set 23\nursing_home\nursinghome019.jpg,nursing_home,coastal_mansion,0.621638834476471,FAIL,
dataset\set 23\nursing_home\nursinghome020.jpg,nursing_home,sparse_residential,0.5044852495193481,FAIL,
dataset\set 23\nursing_home\nursinghome021.jpg,nursing_home,nursing_home,0.9368833303451538,PASS,
dataset\set 23\nursing_home\nursinghome022.jpg,nursing_home,nursing_home,0.8486046195030212,PASS,
dataset\set 23\nursing_home\nursinghome023.jpg,nursing_home,nursing_home,0.9633436799049377,PASS,
dataset\set 23\nursing_home\nursinghome024.jpg,nursing_home,nursing_home,0.9977812170982361,PASS,
dataset\set 23\nursing_home\nursinghome025.jpg,nursing_home,nursing_home,0.988025963306427,PASS,
dataset\set 23\nursing_home\nursinghome026.jpg,nursing_home,nursing_home,0.8404964208602905,PASS,
dataset\set 23\nursing_home\nursinghome027.jpg,nursing_home,nursing_home,0.9915737509727478,PASS,
dataset\set 23\nursing_home\nursinghome028.jpg,nursing_home,nursing_home,0.9621518850326538,PASS,
dataset\set 23\nursing_home\nursinghome029.jpg,nursing_home,nursing_home,0.9879647493362427,PASS,
dataset\set 23\nursing_home\nursinghome030.jpg,nursing_home,nursing_home,0.9934636354446411,PASS,
dataset\set 23\nursing_home\nursinghome031.jpg,nursing_home,nursing_home,0.9860019683837891,PASS,
dataset\set 23\nursing_home\nursinghome032.jpg,nursing_home,nursing_home,0.9926848411560059,PASS,
dataset\set 23\nursing_home\nursinghome033.jpg,nursing_home,nursing_home,0.9987537860870361,PASS,
dataset\set 23\nursing_home\nursinghome034.jpg,nursing_home,nursing_home,0.9997041821479797,PASS,
dataset\set 23\nursing_home\nursinghome035.jpg,nursing_home,nursing_home,0.9835614562034607,PASS,
dataset\set 23\nursing_home\nursinghome036.jpg,nursing_home,nursing_home,0.9929384589195251,PASS,
dataset\set 23\nursing_home\nursinghome037.jpg,nursing_home,nursing_home,0.9995610117912292,PASS,
dataset\set 23\nursing_home\nursinghome038.jpg,nursing_home,nursing_home,0.9216580390930176,PASS,
dataset\set 23\nursing_home\nursinghome039.jpg,nursing_home,nursing_home,0.9949935078620911,PASS,
dataset\set 23\nursing_home\nursinghome040.jpg,nursing_home,nursing_home,0.9998692274093628,PASS,
dataset\set 23\nursing_home\nursinghome041.jpg,nursing_home,nursing_home,0.999796450138092,PASS,
dataset\set 23\nursing_home\nursinghome042.jpg,nursing_home,nursing_home,0.9664907455444336,PASS,
dataset\set 23\nursing_home\nursinghome043.jpg,nursing_home,nursing_home,0.8759032487869263,PASS,
dataset\set 23\nursing_home\nursinghome044.jpg,nursing_home,nursing_home,0.997678816318512,PASS,
dataset\set 23\nursing_home\nursinghome045.jpg,nursing_home,nursing_home,0.9998576641082764,PASS,
dataset\set 23\nursing_home\nursinghome046.jpg,nursing_home,nursing_home,0.9997777342796326,PASS,
dataset\set 23\nursing_home\nursinghome047.jpg,nursing_home,nursing_home,0.9923902153968811,PASS,
dataset\set 23\nursing_home\nursinghome048.jpg,nursing_home,nursing_home,0.8806086182594299,PASS,
dataset\set 23\nursing_home\nursinghome049.jpg,nursing_home,nursing_home,0.9988490343093872,PASS,
dataset\set 23\nursing_home\nursinghome050.jpg,nursing_home,nursing_home,0.9993844032287598,PASS,
dataset\set 23\nursing_home\nursinghome051.jpg,nursing_home,nursing_home,0.9850744009017944,PASS,
dataset\set 23\nursing_home\nursinghome052.jpg,nursing_home,nursing_home,0.8725939989089966,PASS,
dataset\set 23\nursing_home\nursinghome053.jpg,nursing_home,nursing_home,0.9994365572929382,PASS,
dataset\set 23\nursing_home\nursinghome054.jpg,nursing_home,nursing_home,0.9972969889640808,PASS,
dataset\set 23\nursing_home\nursinghome055.jpg,nursing_home,nursing_home,0.9998784065246582,PASS,
dataset\set 23\nursing_home\nursinghome056.jpg,nursing_home,coastal_mansion,0.5122750997543335,FAIL,
dataset\set 23\nursing_home\nursinghome057.jpg,nursing_home,nursing_home,0.9178488254547119,PASS,
dataset\set 23\nursing_home\nursinghome058.jpg,nursing_home,nursing_home,0.9990513920783997,PASS,
dataset\set 23\nursing_home\nursinghome059.jpg,nursing_home,nursing_home,0.8033734560012817,PASS,
dataset\set 23\nursing_home\nursinghome060.jpg,nursing_home,nursing_home,0.9826275706291199,PASS,
dataset\set 23\nursing_home\nursinghome061.jpg,nursing_home,nursing_home,0.9995569586753845,PASS,
dataset\set 23\nursing_home\nursinghome062.jpg,nursing_home,nursing_home,0.6671706438064575,PASS,
dataset\set 23\nursing_home\nursinghome063.jpg,nursing_home,coastal_mansion,0.8540907502174377,FAIL,
dataset\set 23\nursing_home\nursinghome064.jpg,nursing_home,nursing_home,0.9964452385902405,PASS,
dataset\set 23\nursing_home\nursinghome065.jpg,nursing_home,nursing_home,0.979286253452301,PASS,
dataset\set 23\nursing_home\nursinghome066.jpg,nursing_home,nursing_home,0.999884843826294,PASS,
dataset\set 23\nursing_home\nursinghome067.jpg,nursing_home,nursing_home,0.9963028430938721,PASS,
dataset\set 23\nursing_home\nursinghome068.jpg,nursing_home,nursing_home,0.9974787831306458,PASS,
dataset\set 23\nursing_home\nursinghome069.jpg,nursing_home,nursing_home,0.9998438358306885,PASS,
dataset\set 23\nursing_home\nursinghome070.jpg,nursing_home,nursing_home,0.8921187520027161,PASS,
dataset\set 23\nursing_home\nursinghome071.jpg,nursing_home,nursing_home,0.99726402759552,PASS,
dataset\set 23\nursing_home\nursinghome072.jpg,nursing_home,nursing_home,0.9937294721603394,PASS,
dataset\set 23\nursing_home\nursinghome073.jpg,nursing_home,nursing_home,0.9977244734764099,PASS,
dataset\set 23\nursing_home\nursinghome074.jpg,nursing_home,dense_residential,0.8554816246032715,FAIL,
dataset\set 23\nursing_home\nursinghome075.jpg,nursing_home,nursing_home,0.9991377592086792,PASS,
dataset\set 23\nursing_home\nursinghome076.jpg,nursing_home,nursing_home,0.998805046081543,PASS,
dataset\set 23\nursing_home\nursinghome077.jpg,nursing_home,nursing_home,0.933949887752533,PASS,
dataset\set 23\nursing_home\nursinghome078.jpg,nursing_home,nursing_home,0.9935870170593262,PASS,
dataset\set 23\nursing_home\nursinghome079.jpg,nursing_home,nursing_home,0.6355158686637878,PASS,
dataset\set 23\nursing_home\nursinghome080.jpg,nursing_home,nursing_home,0.9898824095726013,PASS,
dataset\set 23\nursing_home\nursinghome081.jpg,nursing_home,nursing_home,0.9816022515296936,PASS,
dataset\set 23\nursing_home\nursinghome082.jpg,nursing_home,nursing_home,0.8764638900756836,PASS,
dataset\set 23\nursing_home\nursinghome083.jpg,nursing_home,nursing_home,0.4986937940120697,FAIL,
dataset\set 23\nursing_home\nursinghome084.jpg,nursing_home,nursing_home,0.9598630666732788,PASS,
dataset\set 23\nursing_home\nursinghome085.jpg,nursing_home,nursing_home,0.7877192497253418,PASS,
dataset\set 23\nursing_home\nursinghome086.jpg,nursing_home,nursing_home,0.9356917142868042,PASS,
dataset\set 23\nursing_home\nursinghome087.jpg,nursing_home,nursing_home,0.995650589466095,PASS,
dataset\set 23\nursing_home\nursinghome088.jpg,nursing_home,nursing_home,0.8853129148483276,PASS,
dataset\set 23\nursing_home\nursinghome089.jpg,nursing_home,nursing_home,0.9852141737937927,PASS,
dataset\set 23\nursing_home\nursinghome090.jpg,nursing_home,nursing_home,0.9139277935028076,PASS,
dataset\set 23\nursing_home\nursinghome091.jpg,nursing_home,nursing_home,0.9957506656646729,PASS,
dataset\set 23\nursing_home\nursinghome092.jpg,nursing_home,nursing_home,0.7735347151756287,PASS,
dataset\set 23\nursing_home\nursinghome093.jpg,nursing_home,nursing_home,0.9425554871559143,PASS,
dataset\set 23\nursing_home\nursinghome094.jpg,nursing_home,nursing_home,0.95639568567276,PASS,
dataset\set 23\nursing_home\nursinghome095.jpg,nursing_home,nursing_home,0.9999369382858276,PASS,
dataset\set 23\nursing_home\nursinghome096.jpg,nursing_home,nursing_home,0.9577270746231079,PASS,
dataset\set 23\nursing_home\nursinghome097.jpg,nursing_home,nursing_home,0.8881460428237915,PASS,
dataset\set 23\nursing_home\nursinghome098.jpg,nursing_home,nursing_home,0.9974310994148254,PASS,
dataset\set 23\nursing_home\nursinghome099.jpg,nursing_home,nursing_home,0.9032079577445984,PASS,
dataset\set 23\nursing_home\nursinghome100.jpg,nursing_home,nursing_home,0.9361832141876221,PASS,
dataset\set 23\nursing_home\nursinghome101.jpg,nursing_home,nursing_home,0.9889748096466064,PASS,
dataset\set 23\nursing_home\nursinghome102.jpg,nursing_home,nursing_home,0.8656463027000427,PASS,
dataset\set 23\nursing_home\nursinghome103.jpg,nursing_home,nursing_home,0.9989466071128845,PASS,
dataset\set 23\nursing_home\nursinghome104.jpg,nursing_home,nursing_home,0.9433943629264832,PASS,
dataset\set 23\nursing_home\nursinghome105.jpg,nursing_home,nursing_home,0.9444985389709473,PASS,
dataset\set 23\nursing_home\nursinghome106.jpg,nursing_home,nursing_home,0.6416630148887634,PASS,
dataset\set 23\nursing_home\nursinghome107.jpg,nursing_home,nursing_home,0.9974473714828491,PASS,
dataset\set 23\nursing_home\nursinghome108.jpg,nursing_home,nursing_home,0.9979482293128967,PASS,
dataset\set 23\nursing_home\nursinghome109.jpg,nursing_home,nursing_home,0.9862781167030334,PASS,
dataset\set 23\nursing_home\nursinghome110.jpg,nursing_home,nursing_home,0.898108959197998,PASS,
dataset\set 23\nursing_home\nursinghome111.jpg,nursing_home,nursing_home,0.6423636078834534,PASS,
dataset\set 23\nursing_home\nursinghome112.jpg,nursing_home,nursing_home,0.9917572140693665,PASS,
dataset\set 23\nursing_home\nursinghome113.jpg,nursing_home,nursing_home,0.9709101319313049,PASS,
dataset\set 23\nursing_home\nursinghome114.jpg,nursing_home,nursing_home,0.9476016163825989,PASS,
dataset\set 23\nursing_home\nursinghome115.jpg,nursing_home,nursing_home,0.898958146572113,PASS,
dataset\set 23\nursing_home\nursinghome116.jpg,nursing_home,nursing_home,0.9605132341384888,PASS,
dataset\set 23\nursing_home\nursinghome117.jpg,nursing_home,nursing_home,0.9996944665908813,PASS,
dataset\set 23\nursing_home\nursinghome118.jpg,nursing_home,nursing_home,0.9962044358253479,PASS,
dataset\set 23\nursing_home\nursinghome119.jpg,nursing_home,nursing_home,0.9997727274894714,PASS,
dataset\set 23\nursing_home\nursinghome120.jpg,nursing_home,nursing_home,0.7878355383872986,PASS,
dataset\set 23\nursing_home\nursinghome121.jpg,nursing_home,nursing_home,0.9997023940086365,PASS,
dataset\set 23\nursing_home\nursinghome122.jpg,nursing_home,nursing_home,0.9731371998786926,PASS,
dataset\set 23\nursing_home\nursinghome123.jpg,nursing_home,nursing_home,0.999708354473114,PASS,
dataset\set 23\nursing_home\nursinghome124.jpg,nursing_home,nursing_home,0.9984198808670044,PASS,
dataset\set 23\nursing_home\nursinghome125.jpg,nursing_home,nursing_home,0.9870480895042419,PASS,
dataset\set 23\nursing_home\nursinghome126.jpg,nursing_home,nursing_home,0.6229809522628784,PASS,
dataset\set 23\nursing_home\nursinghome127.jpg,nursing_home,nursing_home,0.908549964427948,PASS,
dataset\set 23\nursing_home\nursinghome128.jpg,nursing_home,nursing_home,0.9993923902511597,PASS,
dataset\set 23\nursing_home\nursinghome129.jpg,nursing_home,nursing_home,0.998646080493927,PASS,
dataset\set 23\nursing_home\nursinghome130.jpg,nursing_home,nursing_home,0.9925145506858826,PASS,
dataset\set 23\nursing_home\nursinghome131.jpg,nursing_home,nursing_home,0.7175774574279785,PASS,
dataset\set 23\nursing_home\nursinghome132.jpg,nursing_home,dense_residential,0.42362016439437866,FAIL,
dataset\set 23\nursing_home\nursinghome133.jpg,nursing_home,nursing_home,0.7581220269203186,PASS,
dataset\set 23\nursing_home\nursinghome134.jpg,nursing_home,nursing_home,0.9942049384117126,PASS,
dataset\set 23\nursing_home\nursinghome135.jpg,nursing_home,nursing_home,0.8911727070808411,PASS,
dataset\set 23\nursing_home\nursinghome136.jpg,nursing_home,nursing_home,0.9975940585136414,PASS,
dataset\set 23\nursing_home\nursinghome137.jpg,nursing_home,nursing_home,0.5168207287788391,PASS,
dataset\set 23\nursing_home\nursinghome138.jpg,nursing_home,nursing_home,0.9967001080513,PASS,
dataset\set 23\nursing_home\nursinghome139.jpg,nursing_home,nursing_home,0.9689685702323914,PASS,
dataset\set 23\nursing_home\nursinghome140.jpg,nursing_home,nursing_home,0.9888413548469543,PASS,
dataset\set 23\nursing_home\nursinghome141.jpg,nursing_home,sparse_residential,0.5494168996810913,FAIL,
dataset\set 23\nursing_home\nursinghome142.jpg,nursing_home,nursing_home,0.9266695976257324,PASS,
dataset\set 23\nursing_home\nursinghome143.jpg,nursing_home,nursing_home,0.8579242825508118,PASS,
dataset\set 23\nursing_home\nursinghome144.jpg,nursing_home,nursing_home,0.9961825013160706,PASS,
dataset\set 23\nursing_home\nursinghome145.jpg,nursing_home,nursing_home,0.9971455931663513,PASS,
dataset\set 23\nursing_home\nursinghome146.jpg,nursing_home,nursing_home,0.9996203184127808,PASS,
dataset\set 23\nursing_home\nursinghome147.jpg,nursing_home,nursing_home,0.6067373752593994,PASS,
dataset\set 23\nursing_home\nursinghome148.jpg,nursing_home,nursing_home,0.9983273148536682,PASS,
dataset\set 23\nursing_home\nursinghome149.jpg,nursing_home,nursing_home,0.9878892302513123,PASS,
dataset\set 23\nursing_home\nursinghome150.jpg,nursing_home,nursing_home,0.9860321283340454,PASS,
dataset\set 23\nursing_home\nursinghome151.jpg,nursing_home,nursing_home,0.9919298887252808,PASS,
dataset\set 23\nursing_home\nursinghome152.jpg,nursing_home,nursing_home,0.9320577383041382,PASS,
dataset\set 23\nursing_home\nursinghome153.jpg,nursing_home,nursing_home,0.9991728663444519,PASS,
dataset\set 23\nursing_home\nursinghome154.jpg,nursing_home,nursing_home,0.9943114519119263,PASS,
dataset\set 23\nursing_home\nursinghome155.jpg,nursing_home,nursing_home,0.9642348885536194,PASS,
dataset\set 23\nursing_home\nursinghome156.jpg,nursing_home,nursing_home,0.9999854564666748,PASS,
dataset\set 23\nursing_home\nursinghome157.jpg,nursing_home,nursing_home,0.9722050428390503,PASS,
dataset\set 23\nursing_home\nursinghome158.jpg,nursing_home,nursing_home,0.9986655712127686,PASS,
dataset\set 23\nursing_home\nursinghome159.jpg,nursing_home,nursing_home,0.9958215951919556,PASS,
dataset\set 23\nursing_home\nursinghome160.jpg,nursing_home,nursing_home,0.6112874150276184,PASS,
dataset\set 23\nursing_home\nursinghome161.jpg,nursing_home,nursing_home,0.9944325089454651,PASS,
dataset\set 23\nursing_home\nursinghome162.jpg,nursing_home,nursing_home,0.9995149374008179,PASS,
dataset\set 23\nursing_home\nursinghome163.jpg,nursing_home,nursing_home,0.9880252480506897,PASS,
dataset\set 23\nursing_home\nursinghome164.jpg,nursing_home,nursing_home,0.8225190043449402,PASS,
dataset\set 23\nursing_home\nursinghome165.jpg,nursing_home,nursing_home,0.9925709366798401,PASS,
dataset\set 23\nursing_home\nursinghome166.jpg,nursing_home,nursing_home,0.9814810752868652,PASS,
dataset\set 23\nursing_home\nursinghome167.jpg,nursing_home,nursing_home,0.9009953141212463,PASS,
dataset\set 23\nursing_home\nursinghome168.jpg,nursing_home,nursing_home,0.8819965124130249,PASS,
dataset\set 23\nursing_home\nursinghome169.jpg,nursing_home,nursing_home,0.7849534749984741,PASS,
dataset\set 23\nursing_home\nursinghome170.jpg,nursing_home,nursing_home,0.9955543875694275,PASS,
dataset\set 23\nursing_home\nursinghome171.jpg,nursing_home,nursing_home,0.995315432548523,PASS,
dataset\set 23\nursing_home\nursinghome172.jpg,nursing_home,nursing_home,0.9999949932098389,PASS,
dataset\set 23\nursing_home\nursinghome173.jpg,nursing_home,nursing_home,0.9932165741920471,PASS,
dataset\set 23\nursing_home\nursinghome174.jpg,nursing_home,nursing_home,0.9681052565574646,PASS,
dataset\set 23\nursing_home\nursinghome175.jpg,nursing_home,nursing_home,0.958721399307251,PASS,
dataset\set 23\nursing_home\nursinghome176.jpg,nursing_home,nursing_home,0.8261043429374695,PASS,
dataset\set 23\nursing_home\nursinghome177.jpg,nursing_home,nursing_home,0.9255666732788086,PASS,
dataset\set 23\nursing_home\nursinghome178.jpg,nursing_home,nursing_home,0.5957462191581726,PASS,
dataset\set 23\nursing_home\nursinghome179.jpg,nursing_home,nursing_home,0.9873208999633789,PASS,
dataset\set 23\nursing_home\nursinghome180.jpg,nursing_home,nursing_home,0.9999043941497803,PASS,
dataset\set 23\nursing_home\nursinghome181.jpg,nursing_home,nursing_home,0.9823481440544128,PASS,
dataset\set 23\nursing_home\nursinghome182.jpg,nursing_home,nursing_home,0.9875823259353638,PASS,
dataset\set 23\nursing_home\nursinghome183.jpg,nursing_home,nursing_home,0.6921259760856628,PASS,
dataset\set 23\nursing_home\nursinghome184.jpg,nursing_home,nursing_home,0.9984872341156006,PASS,
dataset\set 23\nursing_home\nursinghome185.jpg,nursing_home,nursing_home,0.9990803003311157,PASS,
dataset\set 23\nursing_home\nursinghome186.jpg,nursing_home,nursing_home,0.9929956793785095,PASS,
dataset\set 23\nursing_home\nursinghome187.jpg,nursing_home,nursing_home,0.9978621602058411,PASS,
dataset\set 23\nursing_home\nursinghome188.jpg,nursing_home,nursing_home,0.9957274198532104,PASS,
dataset\set 23\nursing_home\nursinghome189.jpg,nursing_home,nursing_home,0.9994329810142517,PASS,
dataset\set 23\nursing_home\nursinghome190.jpg,nursing_home,nursing_home,0.960713803768158,PASS,
dataset\set 23\nursing_home\nursinghome191.jpg,nursing_home,nursing_home,0.9958001971244812,PASS,
dataset\set 23\nursing_home\nursinghome192.jpg,nursing_home,nursing_home,0.946098804473877,PASS,
dataset\set 23\nursing_home\nursinghome193.jpg,nursing_home,nursing_home,0.9543549418449402,PASS,
dataset\set 23\nursing_home\nursinghome194.jpg,nursing_home,nursing_home,0.9947031140327454,PASS,
dataset\set 23\nursing_home\nursinghome195.jpg,nursing_home,nursing_home,0.9964046478271484,PASS,
dataset\set 23\nursing_home\nursinghome196.jpg,nursing_home,nursing_home,0.9745252132415771,PASS,
dataset\set 23\nursing_home\nursinghome197.jpg,nursing_home,nursing_home,0.5942293405532837,PASS,
dataset\set 23\nursing_home\nursinghome198.jpg,nursing_home,dense_residential,0.40736958384513855,FAIL,
dataset\set 23\nursing_home\nursinghome199.jpg,nursing_home,nursing_home,0.9998923540115356,PASS,
dataset\set 23\nursing_home\nursinghome200.jpg,nursing_home,nursing_home,0.962611198425293,PASS,
dataset\set 23\nursing_home\nursinghome201.jpg,nursing_home,nursing_home,0.999509334564209,PASS,
dataset\set 23\nursing_home\nursinghome202.jpg,nursing_home,nursing_home,0.9941132664680481,PASS,
dataset\set 23\nursing_home\nursinghome203.jpg,nursing_home,nursing_home,0.9979656934738159,PASS,
dataset\set 23\nursing_home\nursinghome204.jpg,nursing_home,nursing_home,0.9999743700027466,PASS,
dataset\set 23\nursing_home\nursinghome205.jpg,nursing_home,nursing_home,0.9806770086288452,PASS,
dataset\set 23\nursing_home\nursinghome206.jpg,nursing_home,nursing_home,0.9994506239891052,PASS,
dataset\set 23\nursing_home\nursinghome207.jpg,nursing_home,nursing_home,0.9986348748207092,PASS,
dataset\set 23\nursing_home\nursinghome208.jpg,nursing_home,nursing_home,0.9987195730209351,PASS,
dataset\set 23\nursing_home\nursinghome209.jpg,nursing_home,nursing_home,0.9699274897575378,PASS,
dataset\set 23\nursing_home\nursinghome210.jpg,nursing_home,nursing_home,0.9970389604568481,PASS,
dataset\set 23\nursing_home\nursinghome211.jpg,nursing_home,nursing_home,0.9947054982185364,PASS,
dataset\set 23\nursing_home\nursinghome212.jpg,nursing_home,nursing_home,0.9951080679893494,PASS,
dataset\set 23\nursing_home\nursinghome213.jpg,nursing_home,nursing_home,0.9541450142860413,PASS,
dataset\set 23\nursing_home\nursinghome214.jpg,nursing_home,nursing_home,0.9987499713897705,PASS,
dataset\set 23\nursing_home\nursinghome215.jpg,nursing_home,nursing_home,0.9676468372344971,PASS,
dataset\set 23\nursing_home\nursinghome216.jpg,nursing_home,nursing_home,0.8269115686416626,PASS,
dataset\set 23\nursing_home\nursinghome217.jpg,nursing_home,nursing_home,0.5931559801101685,PASS,
dataset\set 23\nursing_home\nursinghome218.jpg,nursing_home,nursing_home,0.9963979721069336,PASS,
dataset\set 23\nursing_home\nursinghome219.jpg,nursing_home,nursing_home,0.9987083673477173,PASS,
dataset\set 23\nursing_home\nursinghome220.jpg,nursing_home,nursing_home,0.9893786311149597,PASS,
dataset\set 23\nursing_home\nursinghome221.jpg,nursing_home,nursing_home,0.8509758114814758,PASS,
dataset\set 23\nursing_home\nursinghome222.jpg,nursing_home,nursing_home,0.9895921945571899,PASS,
dataset\set 23\nursing_home\nursinghome223.jpg,nursing_home,nursing_home,0.9975772500038147,PASS,
dataset\set 23\nursing_home\nursinghome224.jpg,nursing_home,nursing_home,0.9743301868438721,PASS,
dataset\set 23\nursing_home\nursinghome225.jpg,nursing_home,nursing_home,0.942663848400116,PASS,
dataset\set 23\nursing_home\nursinghome226.jpg,nursing_home,nursing_home,0.9990955591201782,PASS,
dataset\set 23\nursing_home\nursinghome227.jpg,nursing_home,nursing_home,0.9841958284378052,PASS,
dataset\set 23\nursing_home\nursinghome228.jpg,nursing_home,nursing_home,0.9997549653053284,PASS,
dataset\set 23\nursing_home\nursinghome229.jpg,nursing_home,nursing_home,0.653306245803833,PASS,
dataset\set 23\nursing_home\nursinghome230.jpg,nursing_home,nursing_home,0.8961604237556458,PASS,
dataset\set 23\nursing_home\nursinghome231.jpg,nursing_home,nursing_home,0.9934333562850952,PASS,
dataset\set 23\nursing_home\nursinghome232.jpg,nursing_home,nursing_home,0.9486659169197083,PASS,
dataset\set 23\nursing_home\nursinghome233.jpg,nursing_home,nursing_home,0.9762805700302124,PASS,
dataset\set 23\nursing_home\nursinghome234.jpg,nursing_home,nursing_home,0.9969081282615662,PASS,
dataset\set 23\nursing_home\nursinghome235.jpg,nursing_home,nursing_home,0.9904623627662659,PASS,
dataset\set 23\nursing_home\nursinghome236.jpg,nursing_home,sparse_residential,0.7204104661941528,FAIL,
dataset\set 23\nursing_home\nursinghome237.jpg,nursing_home,nursing_home,0.9992238283157349,PASS,
dataset\set 23\nursing_home\nursinghome238.jpg,nursing_home,nursing_home,0.9999706745147705,PASS,
dataset\set 23\nursing_home\nursinghome239.jpg,nursing_home,nursing_home,0.7138471603393555,PASS,
dataset\set 23\nursing_home\nursinghome240.jpg,nursing_home,nursing_home,0.9991728663444519,PASS,
dataset\set 23\nursing_home\nursinghome241.jpg,nursing_home,nursing_home,0.9148253202438354,PASS,
dataset\set 23\nursing_home\nursinghome242.jpg,nursing_home,nursing_home,0.9901522994041443,PASS,
dataset\set 23\nursing_home\nursinghome243.jpg,nursing_home,nursing_home,0.9998414516448975,PASS,
dataset\set 23\nursing_home\nursinghome244.jpg,nursing_home,nursing_home,0.9989340901374817,PASS,
dataset\set 23\nursing_home\nursinghome245.jpg,nursing_home,nursing_home,0.9986053109169006,PASS,
dataset\set 23\nursing_home\nursinghome246.jpg,nursing_home,sparse_residential,0.751267671585083,FAIL,
dataset\set 23\nursing_home\nursinghome247.jpg,nursing_home,nursing_home,0.997833788394928,PASS,
dataset\set 23\nursing_home\nursinghome248.jpg,nursing_home,nursing_home,0.9793069362640381,PASS,
dataset\set 23\nursing_home\nursinghome249.jpg,nursing_home,nursing_home,0.9825249910354614,PASS,
dataset\set 23\nursing_home\nursinghome250.jpg,nursing_home,sparse_residential,0.8951689004898071,FAIL,
dataset\set 23\nursing_home\nursinghome251.jpg,nursing_home,nursing_home,0.9964172840118408,PASS,
dataset\set 23\nursing_home\nursinghome252.jpg,nursing_home,nursing_home,0.9836273193359375,PASS,
dataset\set 23\nursing_home\nursinghome253.jpg,nursing_home,nursing_home,0.9996466636657715,PASS,
dataset\set 23\nursing_home\nursinghome254.jpg,nursing_home,nursing_home,0.9995854496955872,PASS,
dataset\set 23\nursing_home\nursinghome255.jpg,nursing_home,nursing_home,0.7729947566986084,PASS,
dataset\set 23\nursing_home\nursinghome256.jpg,nursing_home,nursing_home,0.9811906218528748,PASS,
dataset\set 23\nursing_home\nursinghome257.jpg,nursing_home,nursing_home,0.9633496403694153,PASS,
dataset\set 23\nursing_home\nursinghome258.jpg,nursing_home,nursing_home,0.7885047793388367,PASS,
dataset\set 23\nursing_home\nursinghome259.jpg,nursing_home,nursing_home,0.9302829504013062,PASS,
dataset\set 23\nursing_home\nursinghome260.jpg,nursing_home,nursing_home,0.9930567741394043,PASS,
dataset\set 23\nursing_home\nursinghome261.jpg,nursing_home,nursing_home,0.9995719790458679,PASS,
dataset\set 23\nursing_home\nursinghome262.jpg,nursing_home,nursing_home,0.9954107403755188,PASS,
dataset\set 23\nursing_home\nursinghome263.jpg,nursing_home,nursing_home,0.887203574180603,PASS,
dataset\set 23\nursing_home\nursinghome264.jpg,nursing_home,nursing_home,0.7497240900993347,PASS,
dataset\set 23\nursing_home\nursinghome265.jpg,nursing_home,nursing_home,0.9598509669303894,PASS,
dataset\set 23\nursing_home\nursinghome266.jpg,nursing_home,nursing_home,0.9995262622833252,PASS,
dataset\set 23\nursing_home\nursinghome267.jpg,nursing_home,dense_residential,0.8664876222610474,FAIL,
dataset\set 23\nursing_home\nursinghome268.jpg,nursing_home,nursing_home,0.9990692734718323,PASS,
dataset\set 23\nursing_home\nursinghome269.jpg,nursing_home,nursing_home,0.984954833984375,PASS,
dataset\set 23\nursing_home\nursinghome270.jpg,nursing_home,nursing_home,0.7681720852851868,PASS,
dataset\set 23\nursing_home\nursinghome271.jpg,nursing_home,nursing_home,0.9972562193870544,PASS,
dataset\set 23\nursing_home\nursinghome272.jpg,nursing_home,nursing_home,0.9901986122131348,PASS,
dataset\set 23\nursing_home\nursinghome273.jpg,nursing_home,nursing_home,0.9612494707107544,PASS,
dataset\set 23\nursing_home\nursinghome274.jpg,nursing_home,nursing_home,0.9997878670692444,PASS,
dataset\set 23\nursing_home\nursinghome275.jpg,nursing_home,nursing_home,0.9880516529083252,PASS,
dataset\set 23\nursing_home\nursinghome276.jpg,nursing_home,nursing_home,0.9955812096595764,PASS,
dataset\set 23\nursing_home\nursinghome277.jpg,nursing_home,nursing_home,0.9596229195594788,PASS,
dataset\set 23\nursing_home\nursinghome278.jpg,nursing_home,nursing_home,0.9449796676635742,PASS,
dataset\set 23\nursing_home\nursinghome279.jpg,nursing_home,nursing_home,0.9983891248703003,PASS,
dataset\set 23\nursing_home\nursinghome280.jpg,nursing_home,nursing_home,0.9988777041435242,PASS,
dataset\set 23\nursing_home\nursinghome281.jpg,nursing_home,nursing_home,0.9995212554931641,PASS,
dataset\set 23\nursing_home\nursinghome282.jpg,nursing_home,nursing_home,0.9734588265419006,PASS,
dataset\set 23\nursing_home\nursinghome283.jpg,nursing_home,nursing_home,0.9200534820556641,PASS,
dataset\set 23\nursing_home\nursinghome284.jpg,nursing_home,nursing_home,0.993716299533844,PASS,
dataset\set 23\nursing_home\nursinghome285.jpg,nursing_home,nursing_home,0.7051821947097778,PASS,
dataset\set 23\nursing_home\nursinghome286.jpg,nursing_home,nursing_home,0.8792749047279358,PASS,
dataset\set 23\nursing_home\nursinghome287.jpg,nursing_home,nursing_home,0.9999316930770874,PASS,
dataset\set 23\nursing_home\nursinghome288.jpg,nursing_home,nursing_home,0.9999916553497314,PASS,
dataset\set 23\nursing_home\nursinghome289.jpg,nursing_home,nursing_home,0.9781388640403748,PASS,
dataset\set 23\nursing_home\nursinghome290.jpg,nursing_home,nursing_home,0.9997522234916687,PASS,
dataset\set 23\nursing_home\nursinghome291.jpg,nursing_home,nursing_home,0.9967700242996216,PASS,
dataset\set 23\nursing_home\nursinghome292.jpg,nursing_home,nursing_home,0.9992808699607849,PASS,
dataset\set 23\nursing_home\nursinghome293.jpg,nursing_home,nursing_home,0.9870865345001221,PASS,
dataset\set 23\nursing_home\nursinghome294.jpg,nursing_home,nursing_home,0.9545851349830627,PASS,
dataset\set 23\nursing_home\nursinghome295.jpg,nursing_home,nursing_home,0.984730064868927,PASS,
dataset\set 23\nursing_home\nursinghome296.jpg,nursing_home,nursing_home,0.9998937845230103,PASS,
dataset\set 23\nursing_home\nursinghome297.jpg,nursing_home,nursing_home,0.9688194990158081,PASS,
dataset\set 23\nursing_home\nursinghome298.jpg,nursing_home,nursing_home,0.9999884366989136,PASS,
dataset\set 23\nursing_home\nursinghome299.jpg,nursing_home,nursing_home,0.9974111914634705,PASS,
dataset\set 23\nursing_home\nursinghome300.jpg,nursing_home,nursing_home,0.9921900629997253,PASS,
dataset\set 23\nursing_home\nursinghome301.jpg,nursing_home,nursing_home,0.9912055134773254,PASS,
dataset\set 23\nursing_home\nursinghome302.jpg,nursing_home,nursing_home,0.9863878488540649,PASS,
dataset\set 23\nursing_home\nursinghome303.jpg,nursing_home,nursing_home,0.9976523518562317,PASS,
dataset\set 23\nursing_home\nursinghome304.jpg,nursing_home,nursing_home,0.996707558631897,PASS,
dataset\set 23\nursing_home\nursinghome305.jpg,nursing_home,nursing_home,0.999990701675415,PASS,
dataset\set 23\nursing_home\nursinghome306.jpg,nursing_home,nursing_home,0.9994348883628845,PASS,
dataset\set 23\nursing_home\nursinghome307.jpg,nursing_home,nursing_home,0.999367892742157,PASS,
dataset\set 23\nursing_home\nursinghome308.jpg,nursing_home,nursing_home,0.7251375317573547,PASS,
dataset\set 23\nursing_home\nursinghome309.jpg,nursing_home,nursing_home,0.8673086166381836,PASS,
dataset\set 23\nursing_home\nursinghome310.jpg,nursing_home,nursing_home,0.9998736381530762,PASS,
dataset\set 23\nursing_home\nursinghome311.jpg,nursing_home,nursing_home,0.9970472455024719,PASS,
dataset\set 23\nursing_home\nursinghome312.jpg,nursing_home,nursing_home,0.9999693632125854,PASS,
dataset\set 23\nursing_home\nursinghome313.jpg,nursing_home,nursing_home,0.9999890327453613,PASS,
dataset\set 23\nursing_home\nursinghome314.jpg,nursing_home,nursing_home,0.9982602000236511,PASS,
dataset\set 23\nursing_home\nursinghome315.jpg,nursing_home,nursing_home,0.702805757522583,PASS,
dataset\set 23\nursing_home\nursinghome316.jpg,nursing_home,nursing_home,0.9790933132171631,PASS,
dataset\set 23\nursing_home\nursinghome317.jpg,nursing_home,nursing_home,0.9923070073127747,PASS,
dataset\set 23\nursing_home\nursinghome318.jpg,nursing_home,nursing_home,0.7484956383705139,PASS,
dataset\set 23\nursing_home\nursinghome319.jpg,nursing_home,nursing_home,0.9710781574249268,PASS,
dataset\set 23\nursing_home\nursinghome320.jpg,nursing_home,nursing_home,0.9977793097496033,PASS,
dataset\set 23\nursing_home\nursinghome321.jpg,nursing_home,nursing_home,0.9377710819244385,PASS,
dataset\set 23\nursing_home\nursinghome322.jpg,nursing_home,nursing_home,0.6890750527381897,PASS,
dataset\set 23\nursing_home\nursinghome323.jpg,nursing_home,nursing_home,0.8708621263504028,PASS,
dataset\set 23\nursing_home\nursinghome324.jpg,nursing_home,sparse_residential,0.8738129734992981,FAIL,
dataset\set 23\nursing_home\nursinghome325.jpg,nursing_home,nursing_home,0.9923607707023621,PASS,
dataset\set 23\nursing_home\nursinghome326.jpg,nursing_home,nursing_home,0.9996620416641235,PASS,
dataset\set 23\nursing_home\nursinghome327.jpg,nursing_home,sparse_residential,0.5896656513214111,FAIL,
dataset\set 23\nursing_home\nursinghome328.jpg,nursing_home,nursing_home,0.995187520980835,PASS,
dataset\set 23\nursing_home\nursinghome329.jpg,nursing_home,nursing_home,0.997099757194519,PASS,
dataset\set 23\nursing_home\nursinghome330.jpg,nursing_home,nursing_home,0.9141678214073181,PASS,
dataset\set 23\nursing_home\nursinghome331.jpg,nursing_home,nursing_home,0.9999772310256958,PASS,
dataset\set 23\nursing_home\nursinghome332.jpg,nursing_home,nursing_home,0.9992762207984924,PASS,
dataset\set 23\nursing_home\nursinghome333.jpg,nursing_home,nursing_home,0.9953283071517944,PASS,
dataset\set 23\nursing_home\nursinghome334.jpg,nursing_home,nursing_home,0.9305199980735779,PASS,
dataset\set 23\nursing_home\nursinghome335.jpg,nursing_home,nursing_home,0.993928074836731,PASS,
dataset\set 23\nursing_home\nursinghome336.jpg,nursing_home,nursing_home,0.907062292098999,PASS,
dataset\set 23\nursing_home\nursinghome337.jpg,nursing_home,nursing_home,0.9854333996772766,PASS,
dataset\set 23\nursing_home\nursinghome338.jpg,nursing_home,nursing_home,0.9973344802856445,PASS,
dataset\set 23\nursing_home\nursinghome339.jpg,nursing_home,nursing_home,0.9999139308929443,PASS,
dataset\set 23\nursing_home\nursinghome340.jpg,nursing_home,nursing_home,0.984980046749115,PASS,
dataset\set 23\nursing_home\nursinghome341.jpg,nursing_home,nursing_home,0.9850766062736511,PASS,
dataset\set 23\nursing_home\nursinghome342.jpg,nursing_home,nursing_home,0.8007057309150696,PASS,
dataset\set 23\nursing_home\nursinghome343.jpg,nursing_home,nursing_home,0.9627081155776978,PASS,
dataset\set 23\nursing_home\nursinghome344.jpg,nursing_home,nursing_home,0.9999512434005737,PASS,
dataset\set 23\nursing_home\nursinghome345.jpg,nursing_home,nursing_home,0.9997777342796326,PASS,
dataset\set 23\nursing_home\nursinghome346.jpg,nursing_home,nursing_home,0.9960069060325623,PASS,
dataset\set 23\nursing_home\nursinghome347.jpg,nursing_home,nursing_home,0.9978281855583191,PASS,
dataset\set 23\nursing_home\nursinghome348.jpg,nursing_home,nursing_home,0.9997546076774597,PASS,
dataset\set 23\nursing_home\nursinghome349.jpg,nursing_home,nursing_home,0.970341145992279,PASS,
dataset\set 23\nursing_home\nursinghome350.jpg,nursing_home,nursing_home,0.9944067001342773,PASS,
dataset\set 23\nursing_home\nursinghome351.jpg,nursing_home,nursing_home,0.9897040724754333,PASS,
dataset\set 23\nursing_home\nursinghome352.jpg,nursing_home,nursing_home,0.9985074400901794,PASS,
dataset\set 23\nursing_home\nursinghome353.jpg,nursing_home,nursing_home,0.9961535334587097,PASS,
dataset\set 23\nursing_home\nursinghome354.jpg,nursing_home,nursing_home,0.9908062815666199,PASS,
dataset\set 23\nursing_home\nursinghome355.jpg,nursing_home,nursing_home,0.851035475730896,PASS,
dataset\set 23\nursing_home\nursinghome356.jpg,nursing_home,nursing_home,0.988004207611084,PASS,
dataset\set 23\nursing_home\nursinghome357.jpg,nursing_home,nursing_home,0.9999406337738037,PASS,
dataset\set 23\nursing_home\nursinghome358.jpg,nursing_home,nursing_home,0.9934513568878174,PASS,
dataset\set 23\nursing_home\nursinghome359.jpg,nursing_home,nursing_home,0.9268103837966919,PASS,
dataset\set 23\nursing_home\nursinghome360.jpg,nursing_home,nursing_home,0.8539889454841614,PASS,
dataset\set 23\nursing_home\nursinghome361.jpg,nursing_home,nursing_home,0.6407961845397949,PASS,
dataset\set 23\nursing_home\nursinghome362.jpg,nursing_home,nursing_home,0.9995343685150146,PASS,
dataset\set 23\nursing_home\nursinghome363.jpg,nursing_home,nursing_home,0.9877619743347168,PASS,
dataset\set 23\nursing_home\nursinghome364.jpg,nursing_home,nursing_home,0.9991501569747925,PASS,
dataset\set 23\nursing_home\nursinghome365.jpg,nursing_home,nursing_home,0.9999903440475464,PASS,
dataset\set 23\nursing_home\nursinghome366.jpg,nursing_home,nursing_home,0.9983367919921875,PASS,
dataset\set 23\nursing_home\nursinghome367.jpg,nursing_home,nursing_home,0.9999107122421265,PASS,
dataset\set 23\nursing_home\nursinghome368.jpg,nursing_home,nursing_home,0.9991627931594849,PASS,
dataset\set 23\nursing_home\nursinghome369.jpg,nursing_home,nursing_home,0.984117329120636,PASS,
dataset\set 23\nursing_home\nursinghome370.jpg,nursing_home,nursing_home,0.9997398257255554,PASS,
dataset\set 23\nursing_home\nursinghome371.jpg,nursing_home,nursing_home,0.9999538660049438,PASS,
dataset\set 23\nursing_home\nursinghome372.jpg,nursing_home,nursing_home,0.983360767364502,PASS,
dataset\set 23\nursing_home\nursinghome373.jpg,nursing_home,nursing_home,0.737432599067688,PASS,
dataset\set 23\nursing_home\nursinghome374.jpg,nursing_home,sparse_residential,0.7855444550514221,FAIL,
dataset\set 23\nursing_home\nursinghome375.jpg,nursing_home,nursing_home,0.9966955184936523,PASS,
dataset\set 23\nursing_home\nursinghome376.jpg,nursing_home,nursing_home,0.9997624754905701,PASS,
dataset\set 23\nursing_home\nursinghome377.jpg,nursing_home,nursing_home,0.9623463749885559,PASS,
dataset\set 23\nursing_home\nursinghome378.jpg,nursing_home,nursing_home,0.9999487400054932,PASS,
dataset\set 23\nursing_home\nursinghome379.jpg,nursing_home,nursing_home,0.9931235909461975,PASS,
dataset\set 23\nursing_home\nursinghome380.jpg,nursing_home,nursing_home,0.9992881417274475,PASS,
dataset\set 23\nursing_home\nursinghome381.jpg,nursing_home,nursing_home,0.9918286204338074,PASS,
dataset\set 23\nursing_home\nursinghome382.jpg,nursing_home,nursing_home,0.42407339811325073,FAIL,
dataset\set 23\nursing_home\nursinghome383.jpg,nursing_home,nursing_home,0.8851070404052734,PASS,
dataset\set 23\nursing_home\nursinghome384.jpg,nursing_home,nursing_home,0.9653167128562927,PASS,
dataset\set 23\nursing_home\nursinghome385.jpg,nursing_home,nursing_home,0.9924613833427429,PASS,
dataset\set 23\nursing_home\nursinghome386.jpg,nursing_home,nursing_home,0.9971920847892761,PASS,
dataset\set 23\nursing_home\nursinghome387.jpg,nursing_home,nursing_home,0.9999802112579346,PASS,
dataset\set 23\nursing_home\nursinghome388.jpg,nursing_home,nursing_home,0.9998295307159424,PASS,
dataset\set 23\nursing_home\nursinghome389.jpg,nursing_home,sparse_residential,0.5842388868331909,FAIL,
dataset\set 23\nursing_home\nursinghome390.jpg,nursing_home,nursing_home,0.7434973120689392,PASS,
dataset\set 23\nursing_home\nursinghome391.jpg,nursing_home,nursing_home,0.9978933930397034,PASS,
dataset\set 23\nursing_home\nursinghome392.jpg,nursing_home,nursing_home,0.9970700740814209,PASS,
dataset\set 23\nursing_home\nursinghome393.jpg,nursing_home,nursing_home,0.9994427561759949,PASS,
dataset\set 23\nursing_home\nursinghome394.jpg,nursing_home,sparse_residential,0.9705883860588074,FAIL,
dataset\set 23\nursing_home\nursinghome395.jpg,nursing_home,nursing_home,0.9995366334915161,PASS,
dataset\set 23\nursing_home\nursinghome396.jpg,nursing_home,nursing_home,0.9986251592636108,PASS,
dataset\set 23\nursing_home\nursinghome397.jpg,nursing_home,nursing_home,0.9107548594474792,PASS,
dataset\set 23\nursing_home\nursinghome398.jpg,nursing_home,nursing_home,0.9917885661125183,PASS,
dataset\set 23\nursing_home\nursinghome399.jpg,nursing_home,nursing_home,0.8748067617416382,PASS,
dataset\set 23\nursing_home\nursinghome400.jpg,nursing_home,nursing_home,0.9943630695343018,PASS,
dataset\set 23\nursing_home\nursinghome401.jpg,nursing_home,sparse_residential,0.5744953751564026,FAIL,
dataset\set 23\nursing_home\nursinghome402.jpg,nursing_home,nursing_home,0.9934641718864441,PASS,
dataset\set 23\nursing_home\nursinghome403.jpg,nursing_home,nursing_home,0.9963759779930115,PASS,
dataset\set 23\nursing_home\nursinghome404.jpg,nursing_home,nursing_home,0.9995848536491394,PASS,
dataset\set 23\nursing_home\nursinghome405.jpg,nursing_home,nursing_home,0.8823804259300232,PASS,
dataset\set 23\nursing_home\nursinghome406.jpg,nursing_home,nursing_home,0.9683851003646851,PASS,
dataset\set 23\nursing_home\nursinghome407.jpg,nursing_home,sparse_residential,0.4967222809791565,FAIL,
dataset\set 23\nursing_home\nursinghome408.jpg,nursing_home,nursing_home,0.9994334578514099,PASS,
dataset\set 23\nursing_home\nursinghome409.jpg,nursing_home,nursing_home,0.999763548374176,PASS,
dataset\set 23\nursing_home\nursinghome410.jpg,nursing_home,nursing_home,0.9930673837661743,PASS,
dataset\set 23\nursing_home\nursinghome411.jpg,nursing_home,nursing_home,0.9969912767410278,PASS,
dataset\set 23\nursing_home\nursinghome412.jpg,nursing_home,nursing_home,0.9998083710670471,PASS,
dataset\set 23\nursing_home\nursinghome413.jpg,nursing_home,nursing_home,0.9897708892822266,PASS,
dataset\set 23\nursing_home\nursinghome414.jpg,nursing_home,nursing_home,0.9998981952667236,PASS,
dataset\set 23\nursing_home\nursinghome415.jpg,nursing_home,nursing_home,0.9988983869552612,PASS,
dataset\set 23\nursing_home\nursinghome416.jpg,nursing_home,nursing_home,0.99118971824646,PASS,
dataset\set 23\nursing_home\nursinghome417.jpg,nursing_home,nursing_home,0.9942634701728821,PASS,
dataset\set 23\nursing_home\nursinghome418.jpg,nursing_home,nursing_home,0.980140745639801,PASS,
dataset\set 23\nursing_home\nursinghome419.jpg,nursing_home,nursing_home,0.9927037954330444,PASS,
dataset\set 23\nursing_home\nursinghome420.jpg,nursing_home,nursing_home,0.8067773580551147,PASS,
dataset\set 23\nursing_home\nursinghome421.jpg,nursing_home,nursing_home,0.9919357299804688,PASS,
dataset\set 23\nursing_home\nursinghome422.jpg,nursing_home,nursing_home,0.9999892711639404,PASS,
dataset\set 23\nursing_home\nursinghome423.jpg,nursing_home,nursing_home,0.9999138116836548,PASS,
dataset\set 23\nursing_home\nursinghome424.jpg,nursing_home,nursing_home,0.6922690868377686,PASS,
dataset\set 23\nursing_home\nursinghome425.jpg,nursing_home,nursing_home,0.9996495246887207,PASS,
dataset\set 23\nursing_home\nursinghome426.jpg,nursing_home,nursing_home,0.9895357489585876,PASS,
dataset\set 23\nursing_home\nursinghome427.jpg,nursing_home,nursing_home,0.9987217783927917,PASS,
dataset\set 23\nursing_home\nursinghome428.jpg,nursing_home,nursing_home,0.9976516366004944,PASS,
dataset\set 23\nursing_home\nursinghome429.jpg,nursing_home,nursing_home,0.9984524250030518,PASS,
dataset\set 23\nursing_home\nursinghome430.jpg,nursing_home,nursing_home,0.9798389673233032,PASS,
dataset\set 23\nursing_home\nursinghome431.jpg,nursing_home,nursing_home,0.9941232800483704,PASS,
dataset\set 23\nursing_home\nursinghome432.jpg,nursing_home,nursing_home,0.9966986775398254,PASS,
dataset\set 23\nursing_home\nursinghome433.jpg,nursing_home,nursing_home,0.9978863596916199,PASS,
dataset\set 23\nursing_home\nursinghome434.jpg,nursing_home,nursing_home,0.9782520532608032,PASS,
dataset\set 23\nursing_home\nursinghome435.jpg,nursing_home,nursing_home,0.9993547797203064,PASS,
dataset\set 23\nursing_home\nursinghome436.jpg,nursing_home,nursing_home,0.9822893738746643,PASS,
dataset\set 23\nursing_home\nursinghome437.jpg,nursing_home,nursing_home,0.9495449662208557,PASS,
dataset\set 23\nursing_home\nursinghome438.jpg,nursing_home,nursing_home,0.9895903468132019,PASS,
dataset\set 23\nursing_home\nursinghome439.jpg,nursing_home,nursing_home,0.9931539297103882,PASS,
dataset\set 23\nursing_home\nursinghome440.jpg,nursing_home,nursing_home,0.9488285183906555,PASS,
dataset\set 23\nursing_home\nursinghome441.jpg,nursing_home,nursing_home,0.9854030609130859,PASS,
dataset\set 23\nursing_home\nursinghome442.jpg,nursing_home,nursing_home,0.9956122636795044,PASS,
dataset\set 23\nursing_home\nursinghome443.jpg,nursing_home,nursing_home,0.9627110958099365,PASS,
dataset\set 23\nursing_home\nursinghome444.jpg,nursing_home,nursing_home,0.9662174582481384,PASS,
dataset\set 23\nursing_home\nursinghome445.jpg,nursing_home,nursing_home,0.9997362494468689,PASS,
dataset\set 23\nursing_home\nursinghome446.jpg,nursing_home,nursing_home,0.8254155516624451,PASS,
dataset\set 23\nursing_home\nursinghome447.jpg,nursing_home,nursing_home,0.9346217513084412,PASS,
dataset\set 23\nursing_home\nursinghome448.jpg,nursing_home,nursing_home,0.6854287385940552,PASS,
dataset\set 23\nursing_home\nursinghome449.jpg,nursing_home,nursing_home,0.9618890285491943,PASS,
dataset\set 23\nursing_home\nursinghome450.jpg,nursing_home,nursing_home,0.9841444492340088,PASS,
dataset\set 23\nursing_home\nursinghome451.jpg,nursing_home,nursing_home,0.9844877123832703,PASS,
dataset\set 23\nursing_home\nursinghome452.jpg,nursing_home,sparse_residential,0.885097324848175,FAIL,
dataset\set 23\nursing_home\nursinghome453.jpg,nursing_home,nursing_home,0.9806251525878906,PASS,
dataset\set 23\nursing_home\nursinghome454.jpg,nursing_home,dense_residential,0.8686763644218445,FAIL,
dataset\set 23\nursing_home\nursinghome455.jpg,nursing_home,nursing_home,0.9997463822364807,PASS,
dataset\set 23\nursing_home\nursinghome456.jpg,nursing_home,nursing_home,0.9603577852249146,PASS,
dataset\set 23\nursing_home\nursinghome457.jpg,nursing_home,nursing_home,0.9996293783187866,PASS,
dataset\set 23\nursing_home\nursinghome458.jpg,nursing_home,nursing_home,0.8942489624023438,PASS,
dataset\set 23\nursing_home\nursinghome459.jpg,nursing_home,nursing_home,0.9999011754989624,PASS,
dataset\set 23\nursing_home\nursinghome460.jpg,nursing_home,nursing_home,0.9471095204353333,PASS,
dataset\set 23\nursing_home\nursinghome461.jpg,nursing_home,nursing_home,0.9990691542625427,PASS,
dataset\set 23\nursing_home\nursinghome462.jpg,nursing_home,nursing_home,0.9994887113571167,PASS,
dataset\set 23\nursing_home\nursinghome463.jpg,nursing_home,nursing_home,0.9746158123016357,PASS,
dataset\set 23\nursing_home\nursinghome464.jpg,nursing_home,nursing_home,0.9887696504592896,PASS,
dataset\set 23\nursing_home\nursinghome465.jpg,nursing_home,nursing_home,0.9629254937171936,PASS,
dataset\set 23\nursing_home\nursinghome466.jpg,nursing_home,nursing_home,0.9666374921798706,PASS,
dataset\set 23\nursing_home\nursinghome467.jpg,nursing_home,nursing_home,0.9975910186767578,PASS,
dataset\set 23\nursing_home\nursinghome468.jpg,nursing_home,nursing_home,0.9974557757377625,PASS,
dataset\set 23\nursing_home\nursinghome469.jpg,nursing_home,sparse_residential,0.5767254829406738,FAIL,
dataset\set 23\nursing_home\nursinghome470.jpg,nursing_home,nursing_home,0.9995055198669434,PASS,
dataset\set 23\nursing_home\nursinghome471.jpg,nursing_home,nursing_home,0.999666690826416,PASS,
dataset\set 23\nursing_home\nursinghome472.jpg,nursing_home,nursing_home,0.9980351328849792,PASS,
dataset\set 23\nursing_home\nursinghome473.jpg,nursing_home,nursing_home,0.9822697043418884,PASS,
dataset\set 23\nursing_home\nursinghome474.jpg,nursing_home,nursing_home,0.9993048906326294,PASS,
dataset\set 23\nursing_home\nursinghome475.jpg,nursing_home,nursing_home,0.9920468330383301,PASS,
dataset\set 23\nursing_home\nursinghome476.jpg,nursing_home,nursing_home,0.9822599291801453,PASS,
dataset\set 23\nursing_home\nursinghome477.jpg,nursing_home,nursing_home,0.9997182488441467,PASS,
dataset\set 23\nursing_home\nursinghome478.jpg,nursing_home,nursing_home,0.9998916387557983,PASS,
dataset\set 23\nursing_home\nursinghome479.jpg,nursing_home,nursing_home,0.9485702514648438,PASS,
dataset\set 23\nursing_home\nursinghome480.jpg,nursing_home,nursing_home,0.999514102935791,PASS,
dataset\set 23\nursing_home\nursinghome481.jpg,nursing_home,nursing_home,0.5935871601104736,PASS,
dataset\set 23\nursing_home\nursinghome482.jpg,nursing_home,nursing_home,0.992262601852417,PASS,
dataset\set 23\nursing_home\nursinghome483.jpg,nursing_home,nursing_home,0.9973984956741333,PASS,
dataset\set 23\nursing_home\nursinghome484.jpg,nursing_home,nursing_home,0.9430808424949646,PASS,
dataset\set 23\nursing_home\nursinghome485.jpg,nursing_home,nursing_home,0.9973366856575012,PASS,
dataset\set 23\nursing_home\nursinghome486.jpg,nursing_home,nursing_home,0.998399555683136,PASS,
dataset\set 23\nursing_home\nursinghome487.jpg,nursing_home,nursing_home,0.9967381358146667,PASS,
dataset\set 23\nursing_home\nursinghome488.jpg,nursing_home,nursing_home,0.9136252403259277,PASS,
dataset\set 23\nursing_home\nursinghome489.jpg,nursing_home,nursing_home,0.6751953363418579,PASS,
dataset\set 23\nursing_home\nursinghome490.jpg,nursing_home,nursing_home,0.9667120575904846,PASS,
dataset\set 23\nursing_home\nursinghome491.jpg,nursing_home,nursing_home,0.5763773322105408,PASS,
dataset\set 23\nursing_home\nursinghome492.jpg,nursing_home,nursing_home,0.9160792231559753,PASS,
dataset\set 23\nursing_home\nursinghome493.jpg,nursing_home,nursing_home,0.9993712306022644,PASS,
dataset\set 23\nursing_home\nursinghome494.jpg,nursing_home,nursing_home,0.981181800365448,PASS,
dataset\set 23\nursing_home\nursinghome495.jpg,nursing_home,nursing_home,0.9803891777992249,PASS,
dataset\set 23\nursing_home\nursinghome496.jpg,nursing_home,nursing_home,0.9695625901222229,PASS,
dataset\set 23\nursing_home\nursinghome497.jpg,nursing_home,nursing_home,0.8027458786964417,PASS,
dataset\set 23\nursing_home\nursinghome498.jpg,nursing_home,nursing_home,0.7345739006996155,PASS,
dataset\set 23\nursing_home\nursinghome499.jpg,nursing_home,nursing_home,0.9918195009231567,PASS,
dataset\set 23\nursing_home\nursinghome500.jpg,nursing_home,nursing_home,0.9999068975448608,PASS,
dataset\set 23\nursing_home\nursinghome501.jpg,nursing_home,nursing_home,0.9694865942001343,PASS,
dataset\set 23\nursing_home\nursinghome502.jpg,nursing_home,nursing_home,0.9640442728996277,PASS,
dataset\set 23\nursing_home\nursinghome503.jpg,nursing_home,nursing_home,0.9689477682113647,PASS,
dataset\set 23\nursing_home\nursinghome504.jpg,nursing_home,nursing_home,0.9989293217658997,PASS,
dataset\set 23\nursing_home\nursinghome505.jpg,nursing_home,nursing_home,0.9943988919258118,PASS,
dataset\set 23\nursing_home\nursinghome506.jpg,nursing_home,nursing_home,0.5855925679206848,PASS,
dataset\set 23\nursing_home\nursinghome507.jpg,nursing_home,nursing_home,0.9996533393859863,PASS,
dataset\set 23\nursing_home\nursinghome508.jpg,nursing_home,nursing_home,0.9912762641906738,PASS,
dataset\set 23\nursing_home\nursinghome509.jpg,nursing_home,nursing_home,0.9992338418960571,PASS,
dataset\set 23\nursing_home\nursinghome510.jpg,nursing_home,nursing_home,0.9957529306411743,PASS,
dataset\set 23\nursing_home\nursinghome511.jpg,nursing_home,nursing_home,0.864166259765625,PASS,
dataset\set 23\nursing_home\nursinghome512.jpg,nursing_home,nursing_home,0.9713425040245056,PASS,
dataset\set 23\nursing_home\nursinghome513.jpg,nursing_home,nursing_home,0.9988765120506287,PASS,
dataset\set 23\nursing_home\nursinghome514.jpg,nursing_home,nursing_home,0.9998972415924072,PASS,
dataset\set 23\nursing_home\nursinghome515.jpg,nursing_home,nursing_home,0.9994915723800659,PASS,
dataset\set 23\nursing_home\nursinghome516.jpg,nursing_home,nursing_home,0.9995664954185486,PASS,
dataset\set 23\nursing_home\nursinghome517.jpg,nursing_home,nursing_home,0.9870766997337341,PASS,
dataset\set 23\nursing_home\nursinghome518.jpg,nursing_home,nursing_home,0.9939047694206238,PASS,
dataset\set 23\nursing_home\nursinghome519.jpg,nursing_home,nursing_home,0.9968644976615906,PASS,
dataset\set 23\nursing_home\nursinghome520.jpg,nursing_home,nursing_home,0.9999972581863403,PASS,
dataset\set 23\nursing_home\nursinghome521.jpg,nursing_home,nursing_home,0.9902655482292175,PASS,
dataset\set 23\nursing_home\nursinghome522.jpg,nursing_home,nursing_home,0.9994993209838867,PASS,
dataset\set 23\nursing_home\nursinghome523.jpg,nursing_home,nursing_home,0.9892479777336121,PASS,
dataset\set 23\nursing_home\nursinghome524.jpg,nursing_home,nursing_home,0.9544278979301453,PASS,
dataset\set 23\nursing_home\nursinghome525.jpg,nursing_home,nursing_home,0.99982750415802,PASS,
dataset\set 23\nursing_home\nursinghome526.jpg,nursing_home,nursing_home,0.9758759140968323,PASS,
dataset\set 23\nursing_home\nursinghome527.jpg,nursing_home,sparse_residential,0.8659221529960632,FAIL,
dataset\set 23\nursing_home\nursinghome528.jpg,nursing_home,nursing_home,0.8372370004653931,PASS,
dataset\set 23\nursing_home\nursinghome529.jpg,nursing_home,nursing_home,0.9788418412208557,PASS,
dataset\set 23\nursing_home\nursinghome530.jpg,nursing_home,nursing_home,0.9973551034927368,PASS,
dataset\set 23\nursing_home\nursinghome531.jpg,nursing_home,nursing_home,0.997316300868988,PASS,
dataset\set 23\nursing_home\nursinghome532.jpg,nursing_home,nursing_home,0.9998916387557983,PASS,
dataset\set 23\nursing_home\nursinghome533.jpg,nursing_home,sparse_residential,0.5125666260719299,FAIL,
dataset\set 23\nursing_home\nursinghome534.jpg,nursing_home,nursing_home,0.8483075499534607,PASS,
dataset\set 23\nursing_home\nursinghome535.jpg,nursing_home,nursing_home,0.9998891353607178,PASS,
dataset\set 23\nursing_home\nursinghome536.jpg,nursing_home,nursing_home,0.9989020824432373,PASS,
dataset\set 23\nursing_home\nursinghome537.jpg,nursing_home,nursing_home,0.9966889023780823,PASS,
dataset\set 23\nursing_home\nursinghome538.jpg,nursing_home,nursing_home,0.9923547506332397,PASS,
dataset\set 23\nursing_home\nursinghome539.jpg,nursing_home,nursing_home,0.9999897480010986,PASS,
dataset\set 23\nursing_home\nursinghome540.jpg,nursing_home,nursing_home,0.6778900027275085,PASS,
dataset\set 23\nursing_home\nursinghome541.jpg,nursing_home,nursing_home,0.9920646548271179,PASS,
dataset\set 23\nursing_home\nursinghome542.jpg,nursing_home,nursing_home,0.9987255930900574,PASS,
dataset\set 23\nursing_home\nursinghome543.jpg,nursing_home,nursing_home,0.9988694787025452,PASS,
dataset\set 23\nursing_home\nursinghome544.jpg,nursing_home,nursing_home,0.7996335029602051,PASS,
dataset\set 23\nursing_home\nursinghome545.jpg,nursing_home,nursing_home,0.999556839466095,PASS,
dataset\set 23\nursing_home\nursinghome546.jpg,nursing_home,nursing_home,0.9969756603240967,PASS,
dataset\set 23\nursing_home\nursinghome547.jpg,nursing_home,dense_residential,0.6310794353485107,FAIL,
dataset\set 23\nursing_home\nursinghome548.jpg,nursing_home,nursing_home,0.971492350101471,PASS,
dataset\set 23\nursing_home\nursinghome549.jpg,nursing_home,nursing_home,0.9323943257331848,PASS,
dataset\set 23\nursing_home\nursinghome550.jpg,nursing_home,nursing_home,0.9997344613075256,PASS,
dataset\set 23\nursing_home\nursinghome551.jpg,nursing_home,nursing_home,0.999889612197876,PASS,
dataset\set 23\nursing_home\nursinghome552.jpg,nursing_home,nursing_home,0.8776369690895081,PASS,
dataset\set 23\nursing_home\nursinghome553.jpg,nursing_home,nursing_home,0.9995813965797424,PASS,
dataset\set 23\nursing_home\nursinghome554.jpg,nursing_home,nursing_home,0.9927581548690796,PASS,
dataset\set 23\nursing_home\nursinghome555.jpg,nursing_home,nursing_home,0.9964338541030884,PASS,
dataset\set 23\nursing_home\nursinghome556.jpg,nursing_home,nursing_home,0.7389153838157654,PASS,
dataset\set 23\nursing_home\nursinghome557.jpg,nursing_home,nursing_home,0.995831310749054,PASS,
dataset\set 23\nursing_home\nursinghome558.jpg,nursing_home,nursing_home,0.9998785257339478,PASS,
dataset\set 23\nursing_home\nursinghome559.jpg,nursing_home,nursing_home,0.9983612895011902,PASS,
dataset\set 23\nursing_home\nursinghome560.jpg,nursing_home,nursing_home,0.994127631187439,PASS,
dataset\set 23\nursing_home\nursinghome561.jpg,nursing_home,nursing_home,0.9867720007896423,PASS,
dataset\set 23\nursing_home\nursinghome562.jpg,nursing_home,nursing_home,0.9879984855651855,PASS,
dataset\set 23\nursing_home\nursinghome563.jpg,nursing_home,nursing_home,0.9894249439239502,PASS,
dataset\set 23\nursing_home\nursinghome564.jpg,nursing_home,nursing_home,0.761462390422821,PASS,
dataset\set 23\nursing_home\nursinghome565.jpg,nursing_home,nursing_home,0.99638831615448,PASS,
dataset\set 23\nursing_home\nursinghome566.jpg,nursing_home,nursing_home,0.5339767336845398,PASS,
dataset\set 23\nursing_home\nursinghome567.jpg,nursing_home,nursing_home,0.9817081689834595,PASS,
dataset\set 23\nursing_home\nursinghome568.jpg,nursing_home,nursing_home,0.9860674738883972,PASS,
dataset\set 23\nursing_home\nursinghome569.jpg,nursing_home,nursing_home,0.9835174083709717,PASS,
dataset\set 23\nursing_home\nursinghome570.jpg,nursing_home,nursing_home,0.8865557312965393,PASS,
dataset\set 23\nursing_home\nursinghome571.jpg,nursing_home,nursing_home,0.9996721744537354,PASS,
dataset\set 23\nursing_home\nursinghome572.jpg,nursing_home,nursing_home,0.9760091304779053,PASS,
dataset\set 23\nursing_home\nursinghome573.jpg,nursing_home,nursing_home,0.996901273727417,PASS,
dataset\set 23\nursing_home\nursinghome574.jpg,nursing_home,nursing_home,0.998986542224884,PASS,
dataset\set 23\nursing_home\nursinghome575.jpg,nursing_home,nursing_home,0.9994598031044006,PASS,
dataset\set 23\nursing_home\nursinghome576.jpg,nursing_home,nursing_home,0.9995585083961487,PASS,
dataset\set 23\nursing_home\nursinghome577.jpg,nursing_home,nursing_home,0.9972375631332397,PASS,
dataset\set 23\nursing_home\nursinghome578.jpg,nursing_home,nursing_home,0.9694154858589172,PASS,
dataset\set 23\nursing_home\nursinghome579.jpg,nursing_home,nursing_home,0.9861137270927429,PASS,
dataset\set 23\nursing_home\nursinghome580.jpg,nursing_home,nursing_home,0.9961121678352356,PASS,
dataset\set 23\nursing_home\nursinghome581.jpg,nursing_home,nursing_home,0.9968497157096863,PASS,
dataset\set 23\nursing_home\nursinghome582.jpg,nursing_home,nursing_home,0.998762845993042,PASS,
dataset\set 23\nursing_home\nursinghome583.jpg,nursing_home,nursing_home,0.9267420768737793,PASS,
dataset\set 23\nursing_home\nursinghome584.jpg,nursing_home,nursing_home,0.9998331069946289,PASS,
dataset\set 23\nursing_home\nursinghome585.jpg,nursing_home,nursing_home,0.9965257048606873,PASS,
dataset\set 23\nursing_home\nursinghome586.jpg,nursing_home,nursing_home,0.9992645382881165,PASS,
dataset\set 23\nursing_home\nursinghome587.jpg,nursing_home,nursing_home,0.9994335770606995,PASS,
dataset\set 23\nursing_home\nursinghome588.jpg,nursing_home,nursing_home,0.9697726368904114,PASS,
dataset\set 23\nursing_home\nursinghome589.jpg,nursing_home,nursing_home,0.9487545490264893,PASS,
dataset\set 23\nursing_home\nursinghome590.jpg,nursing_home,nursing_home,0.8913075923919678,PASS,
dataset\set 23\nursing_home\nursinghome591.jpg,nursing_home,sparse_residential,0.6269229650497437,FAIL,
dataset\set 23\nursing_home\nursinghome592.jpg,nursing_home,nursing_home,0.503370463848114,PASS,
dataset\set 23\nursing_home\nursinghome593.jpg,nursing_home,nursing_home,0.9995394945144653,PASS,
dataset\set 23\nursing_home\nursinghome594.jpg,nursing_home,nursing_home,0.9558799266815186,PASS,
dataset\set 23\nursing_home\nursinghome595.jpg,nursing_home,nursing_home,0.9990395903587341,PASS,
dataset\set 23\nursing_home\nursinghome596.jpg,nursing_home,nursing_home,0.9981489181518555,PASS,
dataset\set 23\nursing_home\nursinghome597.jpg,nursing_home,nursing_home,0.9978779554367065,PASS,
dataset\set 23\nursing_home\nursinghome598.jpg,nursing_home,nursing_home,0.6457339525222778,PASS,
dataset\set 23\nursing_home\nursinghome599.jpg,nursing_home,nursing_home,0.9373139142990112,PASS,
dataset\set 23\nursing_home\nursinghome600.jpg,nursing_home,nursing_home,0.9229109287261963,PASS,
dataset\set 23\nursing_home\nursinghome601.jpg,nursing_home,nursing_home,0.9840506911277771,PASS,
dataset\set 23\nursing_home\nursinghome602.jpg,nursing_home,nursing_home,0.999251663684845,PASS,
dataset\set 23\nursing_home\nursinghome603.jpg,nursing_home,nursing_home,0.999748170375824,PASS,
dataset\set 23\nursing_home\nursinghome604.jpg,nursing_home,nursing_home,0.9999337196350098,PASS,
dataset\set 23\nursing_home\nursinghome605.jpg,nursing_home,nursing_home,0.8365684151649475,PASS,
dataset\set 23\nursing_home\nursinghome606.jpg,nursing_home,nursing_home,0.9993045330047607,PASS,
dataset\set 23\nursing_home\nursinghome607.jpg,nursing_home,nursing_home,0.9992480874061584,PASS,
dataset\set 23\nursing_home\nursinghome608.jpg,nursing_home,nursing_home,0.906226396560669,PASS,
dataset\set 23\nursing_home\nursinghome609.jpg,nursing_home,nursing_home,0.9998835325241089,PASS,
dataset\set 23\nursing_home\nursinghome610.jpg,nursing_home,nursing_home,0.7399277687072754,PASS,
dataset\set 23\nursing_home\nursinghome611.jpg,nursing_home,nursing_home,0.9754192233085632,PASS,
dataset\set 23\nursing_home\nursinghome612.jpg,nursing_home,nursing_home,0.986775815486908,PASS,
dataset\set 23\nursing_home\nursinghome613.jpg,nursing_home,nursing_home,0.9598469138145447,PASS,
dataset\set 23\nursing_home\nursinghome614.jpg,nursing_home,nursing_home,0.912850558757782,PASS,
dataset\set 23\nursing_home\nursinghome615.jpg,nursing_home,nursing_home,0.9996730089187622,PASS,
dataset\set 23\nursing_home\nursinghome616.jpg,nursing_home,nursing_home,0.9947915077209473,PASS,
dataset\set 23\nursing_home\nursinghome617.jpg,nursing_home,nursing_home,0.9903076887130737,PASS,
dataset\set 23\nursing_home\nursinghome618.jpg,nursing_home,nursing_home,0.6643971800804138,PASS,
dataset\set 23\nursing_home\nursinghome619.jpg,nursing_home,sparse_residential,0.77228844165802,FAIL,
dataset\set 23\nursing_home\nursinghome620.jpg,nursing_home,nursing_home,0.9891915917396545,PASS,
dataset\set 23\nursing_home\nursinghome621.jpg,nursing_home,nursing_home,0.9997217059135437,PASS,
dataset\set 23\nursing_home\nursinghome622.jpg,nursing_home,nursing_home,0.979824423789978,PASS,
dataset\set 23\nursing_home\nursinghome623.jpg,nursing_home,sparse_residential,0.6984875798225403,FAIL,
dataset\set 23\nursing_home\nursinghome624.jpg,nursing_home,nursing_home,0.9949069619178772,PASS,
dataset\set 23\nursing_home\nursinghome625.jpg,nursing_home,nursing_home,0.9782646894454956,PASS,
dataset\set 23\nursing_home\nursinghome626.jpg,nursing_home,nursing_home,0.99647456407547,PASS,
dataset\set 23\nursing_home\nursinghome627.jpg,nursing_home,nursing_home,0.9997043013572693,PASS,
dataset\set 23\nursing_home\nursinghome628.jpg,nursing_home,nursing_home,0.47351762652397156,FAIL,
dataset\set 23\nursing_home\nursinghome629.jpg,nursing_home,nursing_home,0.9995280504226685,PASS,
dataset\set 23\nursing_home\nursinghome630.jpg,nursing_home,nursing_home,0.9924097061157227,PASS,
dataset\set 23\nursing_home\nursinghome631.jpg,nursing_home,nursing_home,0.9705478549003601,PASS,
dataset\set 23\nursing_home\nursinghome632.jpg,nursing_home,nursing_home,0.9214786291122437,PASS,
dataset\set 23\nursing_home\nursinghome633.jpg,nursing_home,nursing_home,0.9898868203163147,PASS,
dataset\set 23\nursing_home\nursinghome634.jpg,nursing_home,sparse_residential,0.70974200963974,FAIL,
dataset\set 23\nursing_home\nursinghome635.jpg,nursing_home,nursing_home,0.9876477718353271,PASS,
dataset\set 23\nursing_home\nursinghome636.jpg,nursing_home,nursing_home,0.95794278383255,PASS,
dataset\set 23\nursing_home\nursinghome637.jpg,nursing_home,sparse_residential,0.9655882716178894,FAIL,
dataset\set 23\nursing_home\nursinghome638.jpg,nursing_home,nursing_home,0.8844705820083618,PASS,
dataset\set 23\nursing_home\nursinghome639.jpg,nursing_home,nursing_home,0.634533166885376,PASS,
dataset\set 23\nursing_home\nursinghome640.jpg,nursing_home,sparse_residential,0.6572631001472473,FAIL,
dataset\set 23\nursing_home\nursinghome641.jpg,nursing_home,nursing_home,0.9862706661224365,PASS,
dataset\set 23\nursing_home\nursinghome642.jpg,nursing_home,nursing_home,0.9983510971069336,PASS,
dataset\set 23\nursing_home\nursinghome643.jpg,nursing_home,nursing_home,0.8157575726509094,PASS,
dataset\set 23\nursing_home\nursinghome644.jpg,nursing_home,nursing_home,0.9817376732826233,PASS,
dataset\set 23\nursing_home\nursinghome645.jpg,nursing_home,nursing_home,0.9797200560569763,PASS,
dataset\set 23\nursing_home\nursinghome646.jpg,nursing_home,nursing_home,0.9072721004486084,PASS,
dataset\set 23\nursing_home\nursinghome647.jpg,nursing_home,nursing_home,0.9990704655647278,PASS,
dataset\set 23\nursing_home\nursinghome648.jpg,nursing_home,nursing_home,0.9950839877128601,PASS,
dataset\set 23\nursing_home\nursinghome649.jpg,nursing_home,nursing_home,0.7117964029312134,PASS,
dataset\set 23\nursing_home\nursinghome650.jpg,nursing_home,dense_residential,0.5590322613716125,FAIL,
dataset\set 23\nursing_home\nursinghome651.jpg,nursing_home,nursing_home,0.996896505355835,PASS,
dataset\set 23\nursing_home\nursinghome652.jpg,nursing_home,nursing_home,0.5814942121505737,PASS,
dataset\set 23\nursing_home\nursinghome653.jpg,nursing_home,nursing_home,0.9976487755775452,PASS,
dataset\set 23\nursing_home\nursinghome654.jpg,nursing_home,nursing_home,0.9980977177619934,PASS,
dataset\set 23\nursing_home\nursinghome655.jpg,nursing_home,nursing_home,0.8843111991882324,PASS,
dataset\set 23\nursing_home\nursinghome656.jpg,nursing_home,nursing_home,0.9757949709892273,PASS,
dataset\set 23\nursing_home\nursinghome657.jpg,nursing_home,nursing_home,0.8089010715484619,PASS,
dataset\set 23\nursing_home\nursinghome658.jpg,nursing_home,nursing_home,0.9998769760131836,PASS,
dataset\set 23\nursing_home\nursinghome659.jpg,nursing_home,nursing_home,0.9557723999023438,PASS,
dataset\set 23\nursing_home\nursinghome660.jpg,nursing_home,nursing_home,0.9766779541969299,PASS,
dataset\set 23\nursing_home\nursinghome661.jpg,nursing_home,nursing_home,0.7601945996284485,PASS,
dataset\set 23\nursing_home\nursinghome662.jpg,nursing_home,dense_residential,0.5055345892906189,FAIL,
dataset\set 23\nursing_home\nursinghome663.jpg,nursing_home,nursing_home,0.8145226240158081,PASS,
dataset\set 23\nursing_home\nursinghome664.jpg,nursing_home,nursing_home,0.997427761554718,PASS,
dataset\set 23\nursing_home\nursinghome665.jpg,nursing_home,nursing_home,0.5106227993965149,PASS,
dataset\set 23\nursing_home\nursinghome666.jpg,nursing_home,nursing_home,0.8776780366897583,PASS,
dataset\set 23\nursing_home\nursinghome667.jpg,nursing_home,nursing_home,0.9812202453613281,PASS,
dataset\set 23\nursing_home\nursinghome668.jpg,nursing_home,nursing_home,0.9888405203819275,PASS,
dataset\set 23\nursing_home\nursinghome669.jpg,nursing_home,nursing_home,0.9564635157585144,PASS,
dataset\set 23\nursing_home\nursinghome670.jpg,nursing_home,nursing_home,0.9379600286483765,PASS,
dataset\set 23\nursing_home\nursinghome671.jpg,nursing_home,nursing_home,0.38315415382385254,FAIL,
dataset\set 23\nursing_home\nursinghome672.jpg,nursing_home,nursing_home,0.9991389513015747,PASS,
dataset\set 23\nursing_home\nursinghome673.jpg,nursing_home,nursing_home,0.9383133053779602,PASS,
dataset\set 23\nursing_home\nursinghome674.jpg,nursing_home,nursing_home,0.9521450996398926,PASS,
dataset\set 23\nursing_home\nursinghome675.jpg,nursing_home,nursing_home,0.9945900440216064,PASS,
dataset\set 23\nursing_home\nursinghome676.jpg,nursing_home,nursing_home,0.9777383804321289,PASS,
dataset\set 23\nursing_home\nursinghome677.jpg,nursing_home,nursing_home,0.9974536299705505,PASS,
dataset\set 23\nursing_home\nursinghome678.jpg,nursing_home,nursing_home,0.9883346557617188,PASS,
dataset\set 23\nursing_home\nursinghome679.jpg,nursing_home,nursing_home,0.9970179796218872,PASS,
dataset\set 23\nursing_home\nursinghome680.jpg,nursing_home,nursing_home,0.98557448387146,PASS,
dataset\set 23\nursing_home\nursinghome681.jpg,nursing_home,nursing_home,0.9928560256958008,PASS,
dataset\set 23\nursing_home\nursinghome682.jpg,nursing_home,nursing_home,0.9944926500320435,PASS,
dataset\set 23\nursing_home\nursinghome683.jpg,nursing_home,nursing_home,0.9744968414306641,PASS,
dataset\set 23\nursing_home\nursinghome684.jpg,nursing_home,nursing_home,0.7795374989509583,PASS,
dataset\set 23\nursing_home\nursinghome685.jpg,nursing_home,sparse_residential,0.5772983431816101,FAIL,
dataset\set 23\nursing_home\nursinghome686.jpg,nursing_home,nursing_home,0.9977070093154907,PASS,
dataset\set 23\nursing_home\nursinghome687.jpg,nursing_home,nursing_home,0.9962189793586731,PASS,
dataset\set 23\nursing_home\nursinghome688.jpg,nursing_home,nursing_home,0.9994716048240662,PASS,
dataset\set 23\nursing_home\nursinghome689.jpg,nursing_home,sparse_residential,0.8535151481628418,FAIL,
dataset\set 23\nursing_home\nursinghome690.jpg,nursing_home,nursing_home,0.9612972736358643,PASS,
dataset\set 23\nursing_home\nursinghome691.jpg,nursing_home,nursing_home,0.9898691177368164,PASS,
dataset\set 23\nursing_home\nursinghome692.jpg,nursing_home,nursing_home,0.9917809367179871,PASS,
dataset\set 23\nursing_home\nursinghome693.jpg,nursing_home,nursing_home,0.9946331977844238,PASS,
dataset\set 23\nursing_home\nursinghome694.jpg,nursing_home,nursing_home,0.9361485242843628,PASS,
dataset\set 23\nursing_home\nursinghome695.jpg,nursing_home,nursing_home,0.9224163889884949,PASS,
dataset\set 23\nursing_home\nursinghome696.jpg,nursing_home,nursing_home,0.998230516910553,PASS,
dataset\set 23\nursing_home\nursinghome697.jpg,nursing_home,nursing_home,0.9708181023597717,PASS,
dataset\set 23\nursing_home\nursinghome698.jpg,nursing_home,nursing_home,0.9970634579658508,PASS,
dataset\set 23\nursing_home\nursinghome699.jpg,nursing_home,nursing_home,0.9980741739273071,PASS,
dataset\set 23\nursing_home\nursinghome700.jpg,nursing_home,nursing_home,0.9981135129928589,PASS,
dataset\set 23\sparse_residential\sparseresidential001.jpg,sparse_residential,coastal_mansion,0.6584309339523315,FAIL,
dataset\set 23\sparse_residential\sparseresidential002.jpg,sparse_residential,sparse_residential,0.7012140154838562,PASS,
dataset\set 23\sparse_residential\sparseresidential003.jpg,sparse_residential,sparse_residential,0.7917454242706299,PASS,
dataset\set 23\sparse_residential\sparseresidential004.jpg,sparse_residential,sparse_residential,0.8888388872146606,PASS,
dataset\set 23\sparse_residential\sparseresidential005.jpg,sparse_residential,sparse_residential,0.9152917861938477,PASS,
dataset\set 23\sparse_residential\sparseresidential006.jpg,sparse_residential,coastal_mansion,0.7018142938613892,FAIL,
dataset\set 23\sparse_residential\sparseresidential007.jpg,sparse_residential,sparse_residential,0.9437862634658813,PASS,
dataset\set 23\sparse_residential\sparseresidential008.jpg,sparse_residential,sparse_residential,0.544171929359436,PASS,
dataset\set 23\sparse_residential\sparseresidential009.jpg,sparse_residential,sparse_residential,0.4851891100406647,FAIL,
dataset\set 23\sparse_residential\sparseresidential010.jpg,sparse_residential,sparse_residential,0.8699663877487183,PASS,
dataset\set 23\sparse_residential\sparseresidential011.jpg,sparse_residential,sparse_residential,0.7867822051048279,PASS,
dataset\set 23\sparse_residential\sparseresidential012.jpg,sparse_residential,coastal_mansion,0.5853203535079956,FAIL,
dataset\set 23\sparse_residential\sparseresidential013.jpg,sparse_residential,sparse_residential,0.9881928563117981,PASS,
dataset\set 23\sparse_residential\sparseresidential014.jpg,sparse_residential,coastal_mansion,0.650701105594635,FAIL,
dataset\set 23\sparse_residential\sparseresidential015.jpg,sparse_residential,coastal_mansion,0.8154804706573486,FAIL,
dataset\set 23\sparse_residential\sparseresidential016.jpg,sparse_residential,sparse_residential,0.9573947787284851,PASS,
dataset\set 23\sparse_residential\sparseresidential017.jpg,sparse_residential,coastal_mansion,0.7274945974349976,FAIL,
dataset\set 23\sparse_residential\sparseresidential018.jpg,sparse_residential,sparse_residential,0.8708978295326233,PASS,
dataset\set 23\sparse_residential\sparseresidential019.jpg,sparse_residential,coastal_mansion,0.9721305966377258,FAIL,
dataset\set 23\sparse_residential\sparseresidential020.jpg,sparse_residential,sparse_residential,0.9524700045585632,PASS,
dataset\set 23\sparse_residential\sparseresidential021.jpg,sparse_residential,sparse_residential,0.7810866236686707,PASS,
dataset\set 23\sparse_residential\sparseresidential022.jpg,sparse_residential,coastal_mansion,0.6188662052154541,FAIL,
dataset\set 23\sparse_residential\sparseresidential023.jpg,sparse_residential,coastal_mansion,0.8397789597511292,FAIL,
dataset\set 23\sparse_residential\sparseresidential024.jpg,sparse_residential,sparse_residential,0.8327307105064392,PASS,
dataset\set 23\sparse_residential\sparseresidential025.jpg,sparse_residential,sparse_residential,0.5585334300994873,PASS,
dataset\set 23\sparse_residential\sparseresidential026.jpg,sparse_residential,sparse_residential,0.9486096501350403,PASS,
dataset\set 23\sparse_residential\sparseresidential027.jpg,sparse_residential,sparse_residential,0.9964408278465271,PASS,
dataset\set 23\sparse_residential\sparseresidential028.jpg,sparse_residential,sparse_residential,0.9709823727607727,PASS,
dataset\set 23\sparse_residential\sparseresidential029.jpg,sparse_residential,sparse_residential,0.8355510234832764,PASS,
dataset\set 23\sparse_residential\sparseresidential030.jpg,sparse_residential,sparse_residential,0.9202677011489868,PASS,
dataset\set 23\sparse_residential\sparseresidential031.jpg,sparse_residential,sparse_residential,0.8705407977104187,PASS,
dataset\set 23\sparse_residential\sparseresidential032.jpg,sparse_residential,coastal_mansion,0.9103016257286072,FAIL,
dataset\set 23\sparse_residential\sparseresidential033.jpg,sparse_residential,sparse_residential,0.7174268960952759,PASS,
dataset\set 23\sparse_residential\sparseresidential034.jpg,sparse_residential,coastal_mansion,0.9594285488128662,FAIL,
dataset\set 23\sparse_residential\sparseresidential035.jpg,sparse_residential,sparse_residential,0.8404250144958496,PASS,
dataset\set 23\sparse_residential\sparseresidential036.jpg,sparse_residential,sparse_residential,0.9120343923568726,PASS,
dataset\set 23\sparse_residential\sparseresidential037.jpg,sparse_residential,coastal_mansion,0.7417681813240051,FAIL,
dataset\set 23\sparse_residential\sparseresidential038.jpg,sparse_residential,sparse_residential,0.8357694745063782,PASS,
dataset\set 23\sparse_residential\sparseresidential039.jpg,sparse_residential,sparse_residential,0.5214146375656128,PASS,
dataset\set 23\sparse_residential\sparseresidential040.jpg,sparse_residential,coastal_mansion,0.5955648422241211,FAIL,
dataset\set 23\sparse_residential\sparseresidential041.jpg,sparse_residential,sparse_residential,0.6448351740837097,PASS,
dataset\set 23\sparse_residential\sparseresidential042.jpg,sparse_residential,sparse_residential,0.7117827534675598,PASS,
dataset\set 23\sparse_residential\sparseresidential043.jpg,sparse_residential,sparse_residential,0.9841616153717041,PASS,
dataset\set 23\sparse_residential\sparseresidential044.jpg,sparse_residential,coastal_mansion,0.6322260499000549,FAIL,
dataset\set 23\sparse_residential\sparseresidential045.jpg,sparse_residential,sparse_residential,0.5249525904655457,PASS,
dataset\set 23\sparse_residential\sparseresidential046.jpg,sparse_residential,sparse_residential,0.7262483239173889,PASS,
dataset\set 23\sparse_residential\sparseresidential047.jpg,sparse_residential,sparse_residential,0.9538297057151794,PASS,
dataset\set 23\sparse_residential\sparseresidential048.jpg,sparse_residential,sparse_residential,0.8836826682090759,PASS,
dataset\set 23\sparse_residential\sparseresidential049.jpg,sparse_residential,coastal_mansion,0.5401846766471863,FAIL,
dataset\set 23\sparse_residential\sparseresidential050.jpg,sparse_residential,sparse_residential,0.5107400417327881,PASS,
dataset\set 23\sparse_residential\sparseresidential051.jpg,sparse_residential,sparse_residential,0.8209788203239441,PASS,
dataset\set 23\sparse_residential\sparseresidential052.jpg,sparse_residential,sparse_residential,0.6483975052833557,PASS,
dataset\set 23\sparse_residential\sparseresidential053.jpg,sparse_residential,sparse_residential,0.9429420828819275,PASS,
dataset\set 23\sparse_residential\sparseresidential054.jpg,sparse_residential,coastal_mansion,0.5193331837654114,FAIL,
dataset\set 23\sparse_residential\sparseresidential055.jpg,sparse_residential,sparse_residential,0.837945282459259,PASS,
dataset\set 23\sparse_residential\sparseresidential056.jpg,sparse_residential,sparse_residential,0.7645483016967773,PASS,
dataset\set 23\sparse_residential\sparseresidential057.jpg,sparse_residential,sparse_residential,0.9562880992889404,PASS,
dataset\set 23\sparse_residential\sparseresidential058.jpg,sparse_residential,coastal_mansion,0.9399968385696411,FAIL,
dataset\set 23\sparse_residential\sparseresidential059.jpg,sparse_residential,sparse_residential,0.9400469660758972,PASS,
dataset\set 23\sparse_residential\sparseresidential060.jpg,sparse_residential,sparse_residential,0.6594311594963074,PASS,
dataset\set 23\sparse_residential\sparseresidential061.jpg,sparse_residential,sparse_residential,0.7585020661354065,PASS,
dataset\set 23\sparse_residential\sparseresidential062.jpg,sparse_residential,sparse_residential,0.8961726427078247,PASS,
dataset\set 23\sparse_residential\sparseresidential063.jpg,sparse_residential,coastal_mansion,0.5038957595825195,FAIL,
dataset\set 23\sparse_residential\sparseresidential064.jpg,sparse_residential,sparse_residential,0.64858478307724,PASS,
dataset\set 23\sparse_residential\sparseresidential065.jpg,sparse_residential,coastal_mansion,0.6972484588623047,FAIL,
dataset\set 23\sparse_residential\sparseresidential066.jpg,sparse_residential,coastal_mansion,0.8907391428947449,FAIL,
dataset\set 23\sparse_residential\sparseresidential067.jpg,sparse_residential,sparse_residential,0.49937719106674194,FAIL,
dataset\set 23\sparse_residential\sparseresidential068.jpg,sparse_residential,sparse_residential,0.6224507093429565,PASS,
dataset\set 23\sparse_residential\sparseresidential069.jpg,sparse_residential,coastal_mansion,0.8686596751213074,FAIL,
dataset\set 23\sparse_residential\sparseresidential070.jpg,sparse_residential,sparse_residential,0.7133834958076477,PASS,
dataset\set 23\sparse_residential\sparseresidential071.jpg,sparse_residential,sparse_residential,0.6811892986297607,PASS,
dataset\set 23\sparse_residential\sparseresidential072.jpg,sparse_residential,sparse_residential,0.7249889969825745,PASS,
dataset\set 23\sparse_residential\sparseresidential073.jpg,sparse_residential,sparse_residential,0.8801780343055725,PASS,
dataset\set 23\sparse_residential\sparseresidential074.jpg,sparse_residential,coastal_mansion,0.6892843842506409,FAIL,
dataset\set 23\sparse_residential\sparseresidential075.jpg,sparse_residential,sparse_residential,0.6138466000556946,PASS,
dataset\set 23\sparse_residential\sparseresidential076.jpg,sparse_residential,coastal_mansion,0.6938732266426086,FAIL,
dataset\set 23\sparse_residential\sparseresidential077.jpg,sparse_residential,sparse_residential,0.6103599071502686,PASS,
dataset\set 23\sparse_residential\sparseresidential078.jpg,sparse_residential,coastal_mansion,0.6018715500831604,FAIL,
dataset\set 23\sparse_residential\sparseresidential079.jpg,sparse_residential,sparse_residential,0.730172872543335,PASS,
dataset\set 23\sparse_residential\sparseresidential080.jpg,sparse_residential,coastal_mansion,0.6660361886024475,FAIL,
dataset\set 23\sparse_residential\sparseresidential081.jpg,sparse_residential,sparse_residential,0.694313645362854,PASS,
dataset\set 23\sparse_residential\sparseresidential082.jpg,sparse_residential,coastal_mansion,0.9611283540725708,FAIL,
dataset\set 23\sparse_residential\sparseresidential083.jpg,sparse_residential,coastal_mansion,0.44254356622695923,FAIL,
dataset\set 23\sparse_residential\sparseresidential084.jpg,sparse_residential,sparse_residential,0.39378419518470764,FAIL,
dataset\set 23\sparse_residential\sparseresidential085.jpg,sparse_residential,sparse_residential,0.6349778771400452,PASS,
dataset\set 23\sparse_residential\sparseresidential086.jpg,sparse_residential,sparse_residential,0.9548625946044922,PASS,
dataset\set 23\sparse_residential\sparseresidential087.jpg,sparse_residential,sparse_residential,0.9846127033233643,PASS,
dataset\set 23\sparse_residential\sparseresidential088.jpg,sparse_residential,sparse_residential,0.9762647747993469,PASS,
dataset\set 23\sparse_residential\sparseresidential089.jpg,sparse_residential,sparse_residential,0.6054686903953552,PASS,
dataset\set 23\sparse_residential\sparseresidential090.jpg,sparse_residential,sparse_residential,0.9768977165222168,PASS,
dataset\set 23\sparse_residential\sparseresidential091.jpg,sparse_residential,coastal_mansion,0.5746474266052246,FAIL,
dataset\set 23\sparse_residential\sparseresidential092.jpg,sparse_residential,sparse_residential,0.9320412278175354,PASS,
dataset\set 23\sparse_residential\sparseresidential093.jpg,sparse_residential,sparse_residential,0.9724143147468567,PASS,
dataset\set 23\sparse_residential\sparseresidential094.jpg,sparse_residential,sparse_residential,0.9220200181007385,PASS,
dataset\set 23\sparse_residential\sparseresidential095.jpg,sparse_residential,sparse_residential,0.862599790096283,PASS,
dataset\set 23\sparse_residential\sparseresidential096.jpg,sparse_residential,sparse_residential,0.8044615387916565,PASS,
dataset\set 23\sparse_residential\sparseresidential097.jpg,sparse_residential,sparse_residential,0.9741175174713135,PASS,
dataset\set 23\sparse_residential\sparseresidential098.jpg,sparse_residential,coastal_mansion,0.7821686863899231,FAIL,
dataset\set 23\sparse_residential\sparseresidential099.jpg,sparse_residential,sparse_residential,0.960259735584259,PASS,
dataset\set 23\sparse_residential\sparseresidential100.jpg,sparse_residential,sparse_residential,0.5187951922416687,PASS,
dataset\set 23\sparse_residential\sparseresidential101.jpg,sparse_residential,sparse_residential,0.5165806412696838,PASS,
dataset\set 23\sparse_residential\sparseresidential102.jpg,sparse_residential,sparse_residential,0.6575371026992798,PASS,
dataset\set 23\sparse_residential\sparseresidential103.jpg,sparse_residential,sparse_residential,0.8208691477775574,PASS,
dataset\set 23\sparse_residential\sparseresidential104.jpg,sparse_residential,sparse_residential,0.9933373928070068,PASS,
dataset\set 23\sparse_residential\sparseresidential105.jpg,sparse_residential,sparse_residential,0.9856138825416565,PASS,
dataset\set 23\sparse_residential\sparseresidential106.jpg,sparse_residential,sparse_residential,0.9594414830207825,PASS,
dataset\set 23\sparse_residential\sparseresidential107.jpg,sparse_residential,sparse_residential,0.6883296370506287,PASS,
dataset\set 23\sparse_residential\sparseresidential108.jpg,sparse_residential,sparse_residential,0.9302927851676941,PASS,
dataset\set 23\sparse_residential\sparseresidential109.jpg,sparse_residential,sparse_residential,0.9824825525283813,PASS,
dataset\set 23\sparse_residential\sparseresidential110.jpg,sparse_residential,sparse_residential,0.8976159691810608,PASS,
dataset\set 23\sparse_residential\sparseresidential111.jpg,sparse_residential,sparse_residential,0.9278888702392578,PASS,
dataset\set 23\sparse_residential\sparseresidential112.jpg,sparse_residential,sparse_residential,0.9859015941619873,PASS,
dataset\set 23\sparse_residential\sparseresidential113.jpg,sparse_residential,sparse_residential,0.9682182669639587,PASS,
dataset\set 23\sparse_residential\sparseresidential114.jpg,sparse_residential,sparse_residential,0.9977381229400635,PASS,
dataset\set 23\sparse_residential\sparseresidential115.jpg,sparse_residential,sparse_residential,0.9998828172683716,PASS,
dataset\set 23\sparse_residential\sparseresidential116.jpg,sparse_residential,sparse_residential,0.947585940361023,PASS,
dataset\set 23\sparse_residential\sparseresidential117.jpg,sparse_residential,sparse_residential,0.9997866749763489,PASS,
dataset\set 23\sparse_residential\sparseresidential118.jpg,sparse_residential,sparse_residential,0.9973846077919006,PASS,
dataset\set 23\sparse_residential\sparseresidential119.jpg,sparse_residential,sparse_residential,0.9799752831459045,PASS,
dataset\set 23\sparse_residential\sparseresidential120.jpg,sparse_residential,sparse_residential,0.9866418838500977,PASS,
dataset\set 23\sparse_residential\sparseresidential121.jpg,sparse_residential,sparse_residential,0.999165415763855,PASS,
dataset\set 23\sparse_residential\sparseresidential122.jpg,sparse_residential,sparse_residential,0.9975144863128662,PASS,
dataset\set 23\sparse_residential\sparseresidential123.jpg,sparse_residential,sparse_residential,0.8923431038856506,PASS,
dataset\set 23\sparse_residential\sparseresidential124.jpg,sparse_residential,sparse_residential,0.9868558049201965,PASS,
dataset\set 23\sparse_residential\sparseresidential125.jpg,sparse_residential,sparse_residential,0.8757482171058655,PASS,
dataset\set 23\sparse_residential\sparseresidential126.jpg,sparse_residential,sparse_residential,0.6747903227806091,PASS,
dataset\set 23\sparse_residential\sparseresidential127.jpg,sparse_residential,sparse_residential,0.9745030403137207,PASS,
dataset\set 23\sparse_residential\sparseresidential128.jpg,sparse_residential,sparse_residential,0.9990137815475464,PASS,
dataset\set 23\sparse_residential\sparseresidential129.jpg,sparse_residential,dense_residential,0.546362578868866,FAIL,
dataset\set 23\sparse_residential\sparseresidential130.jpg,sparse_residential,sparse_residential,0.9957493543624878,PASS,
dataset\set 23\sparse_residential\sparseresidential131.jpg,sparse_residential,sparse_residential,0.9975546002388,PASS,
dataset\set 23\sparse_residential\sparseresidential132.jpg,sparse_residential,sparse_residential,0.9932578802108765,PASS,
dataset\set 23\sparse_residential\sparseresidential133.jpg,sparse_residential,sparse_residential,0.9960320591926575,PASS,
dataset\set 23\sparse_residential\sparseresidential134.jpg,sparse_residential,sparse_residential,0.9988777041435242,PASS,
dataset\set 23\sparse_residential\sparseresidential135.jpg,sparse_residential,sparse_residential,0.998261034488678,PASS,
dataset\set 23\sparse_residential\sparseresidential136.jpg,sparse_residential,sparse_residential,0.9950047135353088,PASS,
dataset\set 23\sparse_residential\sparseresidential137.jpg,sparse_residential,sparse_residential,0.9986250400543213,PASS,
dataset\set 23\sparse_residential\sparseresidential138.jpg,sparse_residential,sparse_residential,0.9989590644836426,PASS,
dataset\set 23\sparse_residential\sparseresidential139.jpg,sparse_residential,sparse_residential,0.9010608792304993,PASS,
dataset\set 23\sparse_residential\sparseresidential140.jpg,sparse_residential,sparse_residential,0.9719094634056091,PASS,
dataset\set 23\sparse_residential\sparseresidential141.jpg,sparse_residential,sparse_residential,0.9971874356269836,PASS,
dataset\set 23\sparse_residential\sparseresidential142.jpg,sparse_residential,sparse_residential,0.9983579516410828,PASS,
dataset\set 23\sparse_residential\sparseresidential143.jpg,sparse_residential,sparse_residential,0.9984473586082458,PASS,
dataset\set 23\sparse_residential\sparseresidential144.jpg,sparse_residential,sparse_residential,0.9871531128883362,PASS,
dataset\set 23\sparse_residential\sparseresidential145.jpg,sparse_residential,sparse_residential,0.9974708557128906,PASS,
dataset\set 23\sparse_residential\sparseresidential146.jpg,sparse_residential,sparse_residential,0.7762770056724548,PASS,
dataset\set 23\sparse_residential\sparseresidential147.jpg,sparse_residential,sparse_residential,0.999496340751648,PASS,
dataset\set 23\sparse_residential\sparseresidential148.jpg,sparse_residential,sparse_residential,0.9973938465118408,PASS,
dataset\set 23\sparse_residential\sparseresidential149.jpg,sparse_residential,sparse_residential,0.9987422823905945,PASS,
dataset\set 23\sparse_residential\sparseresidential150.jpg,sparse_residential,sparse_residential,0.9989041090011597,PASS,
dataset\set 23\sparse_residential\sparseresidential151.jpg,sparse_residential,sparse_residential,0.9953863024711609,PASS,
dataset\set 23\sparse_residential\sparseresidential152.jpg,sparse_residential,sparse_residential,0.9938190579414368,PASS,
dataset\set 23\sparse_residential\sparseresidential153.jpg,sparse_residential,sparse_residential,0.9875665903091431,PASS,
dataset\set 23\sparse_residential\sparseresidential154.jpg,sparse_residential,sparse_residential,0.8234162926673889,PASS,
dataset\set 23\sparse_residential\sparseresidential155.jpg,sparse_residential,sparse_residential,0.993894636631012,PASS,
dataset\set 23\sparse_residential\sparseresidential156.jpg,sparse_residential,sparse_residential,0.993709921836853,PASS,
dataset\set 23\sparse_residential\sparseresidential157.jpg,sparse_residential,sparse_residential,0.9071850776672363,PASS,
dataset\set 23\sparse_residential\sparseresidential158.jpg,sparse_residential,sparse_residential,0.9875307679176331,PASS,
dataset\set 23\sparse_residential\sparseresidential159.jpg,sparse_residential,sparse_residential,0.9577478766441345,PASS,
dataset\set 23\sparse_residential\sparseresidential160.jpg,sparse_residential,sparse_residential,0.9561315774917603,PASS,
dataset\set 23\sparse_residential\sparseresidential161.jpg,sparse_residential,sparse_residential,0.9623054265975952,PASS,
dataset\set 23\sparse_residential\sparseresidential162.jpg,sparse_residential,sparse_residential,0.6533330082893372,PASS,
dataset\set 23\sparse_residential\sparseresidential163.jpg,sparse_residential,sparse_residential,0.9958950281143188,PASS,
dataset\set 23\sparse_residential\sparseresidential164.jpg,sparse_residential,sparse_residential,0.993619978427887,PASS,
dataset\set 23\sparse_residential\sparseresidential165.jpg,sparse_residential,sparse_residential,0.9304064512252808,PASS,
dataset\set 23\sparse_residential\sparseresidential166.jpg,sparse_residential,sparse_residential,0.7085865139961243,PASS,
dataset\set 23\sparse_residential\sparseresidential167.jpg,sparse_residential,sparse_residential,0.9972190856933594,PASS,
dataset\set 23\sparse_residential\sparseresidential168.jpg,sparse_residential,sparse_residential,0.9951213002204895,PASS,
dataset\set 23\sparse_residential\sparseresidential169.jpg,sparse_residential,sparse_residential,0.9989094734191895,PASS,
dataset\set 23\sparse_residential\sparseresidential170.jpg,sparse_residential,sparse_residential,0.8735103607177734,PASS,
dataset\set 23\sparse_residential\sparseresidential171.jpg,sparse_residential,sparse_residential,0.9917653203010559,PASS,
dataset\set 23\sparse_residential\sparseresidential172.jpg,sparse_residential,sparse_residential,0.9971302151679993,PASS,
dataset\set 23\sparse_residential\sparseresidential173.jpg,sparse_residential,sparse_residential,0.9990110397338867,PASS,
dataset\set 23\sparse_residential\sparseresidential174.jpg,sparse_residential,sparse_residential,0.9724422693252563,PASS,
dataset\set 23\sparse_residential\sparseresidential175.jpg,sparse_residential,sparse_residential,0.9987567663192749,PASS,
dataset\set 23\sparse_residential\sparseresidential176.jpg,sparse_residential,sparse_residential,0.9978996515274048,PASS,
dataset\set 23\sparse_residential\sparseresidential177.jpg,sparse_residential,sparse_residential,0.9322040677070618,PASS,
dataset\set 23\sparse_residential\sparseresidential178.jpg,sparse_residential,sparse_residential,0.9539691805839539,PASS,
dataset\set 23\sparse_residential\sparseresidential179.jpg,sparse_residential,sparse_residential,0.8784505724906921,PASS,
dataset\set 23\sparse_residential\sparseresidential180.jpg,sparse_residential,sparse_residential,0.9259467124938965,PASS,
dataset\set 23\sparse_residential\sparseresidential181.jpg,sparse_residential,sparse_residential,0.9919434785842896,PASS,
dataset\set 23\sparse_residential\sparseresidential182.jpg,sparse_residential,sparse_residential,0.9165962338447571,PASS,
dataset\set 23\sparse_residential\sparseresidential183.jpg,sparse_residential,sparse_residential,0.9695819616317749,PASS,
dataset\set 23\sparse_residential\sparseresidential184.jpg,sparse_residential,sparse_residential,0.9936475157737732,PASS,
dataset\set 23\sparse_residential\sparseresidential185.jpg,sparse_residential,sparse_residential,0.9835602045059204,PASS,
dataset\set 23\sparse_residential\sparseresidential186.jpg,sparse_residential,sparse_residential,0.9973682761192322,PASS,
dataset\set 23\sparse_residential\sparseresidential187.jpg,sparse_residential,sparse_residential,0.9956294298171997,PASS,
dataset\set 23\sparse_residential\sparseresidential188.jpg,sparse_residential,sparse_residential,0.8535067439079285,PASS,
dataset\set 23\sparse_residential\sparseresidential189.jpg,sparse_residential,sparse_residential,0.9978213310241699,PASS,
dataset\set 23\sparse_residential\sparseresidential190.jpg,sparse_residential,sparse_residential,0.8992087841033936,PASS,
dataset\set 23\sparse_residential\sparseresidential191.jpg,sparse_residential,sparse_residential,0.9942004680633545,PASS,
dataset\set 23\sparse_residential\sparseresidential192.jpg,sparse_residential,sparse_residential,0.9972732663154602,PASS,
dataset\set 23\sparse_residential\sparseresidential193.jpg,sparse_residential,sparse_residential,0.9978413581848145,PASS,
dataset\set 23\sparse_residential\sparseresidential194.jpg,sparse_residential,sparse_residential,0.9990369081497192,PASS,
dataset\set 23\sparse_residential\sparseresidential195.jpg,sparse_residential,sparse_residential,0.9957351684570312,PASS,
dataset\set 23\sparse_residential\sparseresidential196.jpg,sparse_residential,sparse_residential,0.9985912442207336,PASS,
dataset\set 23\sparse_residential\sparseresidential197.jpg,sparse_residential,sparse_residential,0.9985629916191101,PASS,
dataset\set 23\sparse_residential\sparseresidential198.jpg,sparse_residential,sparse_residential,0.941538393497467,PASS,
dataset\set 23\sparse_residential\sparseresidential199.jpg,sparse_residential,sparse_residential,0.9904317259788513,PASS,
dataset\set 23\sparse_residential\sparseresidential200.jpg,sparse_residential,sparse_residential,0.999748170375824,PASS,
dataset\set 23\sparse_residential\sparseresidential201.jpg,sparse_residential,sparse_residential,0.9409267902374268,PASS,
dataset\set 23\sparse_residential\sparseresidential202.jpg,sparse_residential,sparse_residential,0.9980587363243103,PASS,
dataset\set 23\sparse_residential\sparseresidential203.jpg,sparse_residential,sparse_residential,0.9929308891296387,PASS,
dataset\set 23\sparse_residential\sparseresidential204.jpg,sparse_residential,sparse_residential,0.7338012456893921,PASS,
dataset\set 23\sparse_residential\sparseresidential205.jpg,sparse_residential,sparse_residential,0.9650757312774658,PASS,
dataset\set 23\sparse_residential\sparseresidential206.jpg,sparse_residential,sparse_residential,0.9869347810745239,PASS,
dataset\set 23\sparse_residential\sparseresidential207.jpg,sparse_residential,dense_residential,0.573901355266571,FAIL,
dataset\set 23\sparse_residential\sparseresidential208.jpg,sparse_residential,sparse_residential,0.9985472559928894,PASS,
dataset\set 23\sparse_residential\sparseresidential209.jpg,sparse_residential,sparse_residential,0.9553870558738708,PASS,
dataset\set 23\sparse_residential\sparseresidential210.jpg,sparse_residential,sparse_residential,0.9996517896652222,PASS,
dataset\set 23\sparse_residential\sparseresidential211.jpg,sparse_residential,sparse_residential,0.9927352666854858,PASS,
dataset\set 23\sparse_residential\sparseresidential212.jpg,sparse_residential,sparse_residential,0.9921823143959045,PASS,
dataset\set 23\sparse_residential\sparseresidential213.jpg,sparse_residential,sparse_residential,0.9659072756767273,PASS,
dataset\set 23\sparse_residential\sparseresidential214.jpg,sparse_residential,sparse_residential,0.9939935803413391,PASS,
dataset\set 23\sparse_residential\sparseresidential215.jpg,sparse_residential,sparse_residential,0.9810490608215332,PASS,
dataset\set 23\sparse_residential\sparseresidential216.jpg,sparse_residential,sparse_residential,0.9857333898544312,PASS,
dataset\set 23\sparse_residential\sparseresidential217.jpg,sparse_residential,sparse_residential,0.9564078450202942,PASS,
dataset\set 23\sparse_residential\sparseresidential218.jpg,sparse_residential,sparse_residential,0.9994000196456909,PASS,
dataset\set 23\sparse_residential\sparseresidential219.jpg,sparse_residential,sparse_residential,0.9958378076553345,PASS,
dataset\set 23\sparse_residential\sparseresidential220.jpg,sparse_residential,sparse_residential,0.9986087679862976,PASS,
dataset\set 23\sparse_residential\sparseresidential221.jpg,sparse_residential,sparse_residential,0.9999090433120728,PASS,
dataset\set 23\sparse_residential\sparseresidential222.jpg,sparse_residential,sparse_residential,0.998314619064331,PASS,
dataset\set 23\sparse_residential\sparseresidential223.jpg,sparse_residential,sparse_residential,0.9232772588729858,PASS,
dataset\set 23\sparse_residential\sparseresidential224.jpg,sparse_residential,sparse_residential,0.992530882358551,PASS,
dataset\set 23\sparse_residential\sparseresidential225.jpg,sparse_residential,sparse_residential,0.877892255783081,PASS,
dataset\set 23\sparse_residential\sparseresidential226.jpg,sparse_residential,sparse_residential,0.8918496966362,PASS,
dataset\set 23\sparse_residential\sparseresidential227.jpg,sparse_residential,sparse_residential,0.9970933198928833,PASS,
dataset\set 23\sparse_residential\sparseresidential228.jpg,sparse_residential,sparse_residential,0.8073606491088867,PASS,
dataset\set 23\sparse_residential\sparseresidential229.jpg,sparse_residential,sparse_residential,0.9887551069259644,PASS,
dataset\set 23\sparse_residential\sparseresidential230.jpg,sparse_residential,sparse_residential,0.8401054739952087,PASS,
dataset\set 23\sparse_residential\sparseresidential231.jpg,sparse_residential,sparse_residential,0.9952020645141602,PASS,
dataset\set 23\sparse_residential\sparseresidential232.jpg,sparse_residential,sparse_residential,0.9979643821716309,PASS,
dataset\set 23\sparse_residential\sparseresidential233.jpg,sparse_residential,sparse_residential,0.9938828945159912,PASS,
dataset\set 23\sparse_residential\sparseresidential234.jpg,sparse_residential,sparse_residential,0.9996956586837769,PASS,
dataset\set 23\sparse_residential\sparseresidential235.jpg,sparse_residential,sparse_residential,0.9969499707221985,PASS,
dataset\set 23\sparse_residential\sparseresidential236.jpg,sparse_residential,sparse_residential,0.994581401348114,PASS,
dataset\set 23\sparse_residential\sparseresidential237.jpg,sparse_residential,sparse_residential,0.9295333623886108,PASS,
dataset\set 23\sparse_residential\sparseresidential238.jpg,sparse_residential,sparse_residential,0.9732312560081482,PASS,
dataset\set 23\sparse_residential\sparseresidential239.jpg,sparse_residential,sparse_residential,0.8910797834396362,PASS,
dataset\set 23\sparse_residential\sparseresidential240.jpg,sparse_residential,sparse_residential,0.995158851146698,PASS,
dataset\set 23\sparse_residential\sparseresidential241.jpg,sparse_residential,sparse_residential,0.9787492156028748,PASS,
dataset\set 23\sparse_residential\sparseresidential242.jpg,sparse_residential,sparse_residential,0.970295786857605,PASS,
dataset\set 23\sparse_residential\sparseresidential243.jpg,sparse_residential,sparse_residential,0.9963971972465515,PASS,
dataset\set 23\sparse_residential\sparseresidential244.jpg,sparse_residential,sparse_residential,0.7771109342575073,PASS,
dataset\set 23\sparse_residential\sparseresidential245.jpg,sparse_residential,sparse_residential,0.9943535327911377,PASS,
dataset\set 23\sparse_residential\sparseresidential246.jpg,sparse_residential,sparse_residential,0.9988365769386292,PASS,
dataset\set 23\sparse_residential\sparseresidential247.jpg,sparse_residential,sparse_residential,0.9920336604118347,PASS,
dataset\set 23\sparse_residential\sparseresidential248.jpg,sparse_residential,sparse_residential,0.9828789234161377,PASS,
dataset\set 23\sparse_residential\sparseresidential249.jpg,sparse_residential,sparse_residential,0.9962193369865417,PASS,
dataset\set 23\sparse_residential\sparseresidential250.jpg,sparse_residential,sparse_residential,0.9914400577545166,PASS,
dataset\set 23\sparse_residential\sparseresidential251.jpg,sparse_residential,sparse_residential,0.8568148612976074,PASS,
dataset\set 23\sparse_residential\sparseresidential252.jpg,sparse_residential,sparse_residential,0.7973811626434326,PASS,
dataset\set 23\sparse_residential\sparseresidential253.jpg,sparse_residential,sparse_residential,0.9906831979751587,PASS,
dataset\set 23\sparse_residential\sparseresidential254.jpg,sparse_residential,sparse_residential,0.983720064163208,PASS,
dataset\set 23\sparse_residential\sparseresidential255.jpg,sparse_residential,sparse_residential,0.9922152161598206,PASS,
dataset\set 23\sparse_residential\sparseresidential256.jpg,sparse_residential,coastal_mansion,0.6520195007324219,FAIL,
dataset\set 23\sparse_residential\sparseresidential257.jpg,sparse_residential,sparse_residential,0.8561609983444214,PASS,
dataset\set 23\sparse_residential\sparseresidential258.jpg,sparse_residential,sparse_residential,0.9913173913955688,PASS,
dataset\set 23\sparse_residential\sparseresidential259.jpg,sparse_residential,sparse_residential,0.7178159356117249,PASS,
dataset\set 23\sparse_residential\sparseresidential260.jpg,sparse_residential,sparse_residential,0.9927768707275391,PASS,
dataset\set 23\sparse_residential\sparseresidential261.jpg,sparse_residential,sparse_residential,0.9851716160774231,PASS,
dataset\set 23\sparse_residential\sparseresidential262.jpg,sparse_residential,sparse_residential,0.9677916765213013,PASS,
dataset\set 23\sparse_residential\sparseresidential263.jpg,sparse_residential,sparse_residential,0.9523261785507202,PASS,
dataset\set 23\sparse_residential\sparseresidential264.jpg,sparse_residential,sparse_residential,0.997260332107544,PASS,
dataset\set 23\sparse_residential\sparseresidential265.jpg,sparse_residential,sparse_residential,0.9993835687637329,PASS,
dataset\set 23\sparse_residential\sparseresidential266.jpg,sparse_residential,sparse_residential,0.9977845549583435,PASS,
dataset\set 23\sparse_residential\sparseresidential267.jpg,sparse_residential,sparse_residential,0.968248724937439,PASS,
dataset\set 23\sparse_residential\sparseresidential268.jpg,sparse_residential,sparse_residential,0.9877908229827881,PASS,
dataset\set 23\sparse_residential\sparseresidential269.jpg,sparse_residential,sparse_residential,0.5656839609146118,PASS,
dataset\set 23\sparse_residential\sparseresidential270.jpg,sparse_residential,sparse_residential,0.7941667437553406,PASS,
dataset\set 23\sparse_residential\sparseresidential271.jpg,sparse_residential,sparse_residential,0.971354067325592,PASS,
dataset\set 23\sparse_residential\sparseresidential272.jpg,sparse_residential,sparse_residential,0.7505966424942017,PASS,
dataset\set 23\sparse_residential\sparseresidential273.jpg,sparse_residential,sparse_residential,0.9742573499679565,PASS,
dataset\set 23\sparse_residential\sparseresidential274.jpg,sparse_residential,sparse_residential,0.8122623562812805,PASS,
dataset\set 23\sparse_residential\sparseresidential275.jpg,sparse_residential,sparse_residential,0.9183927178382874,PASS,
dataset\set 23\sparse_residential\sparseresidential276.jpg,sparse_residential,sparse_residential,0.801017701625824,PASS,
dataset\set 23\sparse_residential\sparseresidential277.jpg,sparse_residential,sparse_residential,0.9872244596481323,PASS,
dataset\set 23\sparse_residential\sparseresidential278.jpg,sparse_residential,sparse_residential,0.9934298396110535,PASS,
dataset\set 23\sparse_residential\sparseresidential279.jpg,sparse_residential,sparse_residential,0.8245248794555664,PASS,
dataset\set 23\sparse_residential\sparseresidential280.jpg,sparse_residential,sparse_residential,0.957895040512085,PASS,
dataset\set 23\sparse_residential\sparseresidential281.jpg,sparse_residential,sparse_residential,0.9997027516365051,PASS,
dataset\set 23\sparse_residential\sparseresidential282.jpg,sparse_residential,sparse_residential,0.7654966711997986,PASS,
dataset\set 23\sparse_residential\sparseresidential283.jpg,sparse_residential,sparse_residential,0.9787501096725464,PASS,
dataset\set 23\sparse_residential\sparseresidential284.jpg,sparse_residential,sparse_residential,0.9220697283744812,PASS,
dataset\set 23\sparse_residential\sparseresidential285.jpg,sparse_residential,sparse_residential,0.9475899338722229,PASS,
dataset\set 23\sparse_residential\sparseresidential286.jpg,sparse_residential,sparse_residential,0.9905897378921509,PASS,
dataset\set 23\sparse_residential\sparseresidential287.jpg,sparse_residential,sparse_residential,0.9869850277900696,PASS,
dataset\set 23\sparse_residential\sparseresidential288.jpg,sparse_residential,sparse_residential,0.9492741227149963,PASS,
dataset\set 23\sparse_residential\sparseresidential289.jpg,sparse_residential,sparse_residential,0.9979735016822815,PASS,
dataset\set 23\sparse_residential\sparseresidential290.jpg,sparse_residential,sparse_residential,0.9966225624084473,PASS,
dataset\set 23\sparse_residential\sparseresidential291.jpg,sparse_residential,sparse_residential,0.9882345199584961,PASS,
dataset\set 23\sparse_residential\sparseresidential292.jpg,sparse_residential,sparse_residential,0.9968055486679077,PASS,
dataset\set 23\sparse_residential\sparseresidential293.jpg,sparse_residential,sparse_residential,0.9948369264602661,PASS,
dataset\set 23\sparse_residential\sparseresidential294.jpg,sparse_residential,sparse_residential,0.979939341545105,PASS,
dataset\set 23\sparse_residential\sparseresidential295.jpg,sparse_residential,sparse_residential,0.9961273074150085,PASS,
dataset\set 23\sparse_residential\sparseresidential296.jpg,sparse_residential,sparse_residential,0.9985238909721375,PASS,
dataset\set 23\sparse_residential\sparseresidential297.jpg,sparse_residential,sparse_residential,0.9487018585205078,PASS,
dataset\set 23\sparse_residential\sparseresidential298.jpg,sparse_residential,sparse_residential,0.9851313233375549,PASS,
dataset\set 23\sparse_residential\sparseresidential299.jpg,sparse_residential,sparse_residential,0.982115626335144,PASS,
dataset\set 23\sparse_residential\sparseresidential300.jpg,sparse_residential,sparse_residential,0.9561726450920105,PASS,
dataset\set 23\sparse_residential\sparseresidential301.jpg,sparse_residential,sparse_residential,0.9412705898284912,PASS,
dataset\set 23\sparse_residential\sparseresidential302.jpg,sparse_residential,sparse_residential,0.9994331002235413,PASS,
dataset\set 23\sparse_residential\sparseresidential303.jpg,sparse_residential,sparse_residential,0.8170404434204102,PASS,
dataset\set 23\sparse_residential\sparseresidential304.jpg,sparse_residential,sparse_residential,0.9965406060218811,PASS,
dataset\set 23\sparse_residential\sparseresidential305.jpg,sparse_residential,sparse_residential,0.9300535917282104,PASS,
dataset\set 23\sparse_residential\sparseresidential306.jpg,sparse_residential,sparse_residential,0.995422899723053,PASS,
dataset\set 23\sparse_residential\sparseresidential307.jpg,sparse_residential,sparse_residential,0.9798506498336792,PASS,
dataset\set 23\sparse_residential\sparseresidential308.jpg,sparse_residential,sparse_residential,0.9546379446983337,PASS,
dataset\set 23\sparse_residential\sparseresidential309.jpg,sparse_residential,sparse_residential,0.9938288331031799,PASS,
dataset\set 23\sparse_residential\sparseresidential310.jpg,sparse_residential,sparse_residential,0.9905681014060974,PASS,
dataset\set 23\sparse_residential\sparseresidential311.jpg,sparse_residential,sparse_residential,0.9075203537940979,PASS,
dataset\set 23\sparse_residential\sparseresidential312.jpg,sparse_residential,sparse_residential,0.8819327354431152,PASS,
dataset\set 23\sparse_residential\sparseresidential313.jpg,sparse_residential,sparse_residential,0.9962831139564514,PASS,
dataset\set 23\sparse_residential\sparseresidential314.jpg,sparse_residential,sparse_residential,0.9961085915565491,PASS,
dataset\set 23\sparse_residential\sparseresidential315.jpg,sparse_residential,sparse_residential,0.9938012957572937,PASS,
dataset\set 23\sparse_residential\sparseresidential316.jpg,sparse_residential,sparse_residential,0.9220376014709473,PASS,
dataset\set 23\sparse_residential\sparseresidential317.jpg,sparse_residential,sparse_residential,0.9966970682144165,PASS,
dataset\set 23\sparse_residential\sparseresidential318.jpg,sparse_residential,coastal_mansion,0.5410768985748291,FAIL,
dataset\set 23\sparse_residential\sparseresidential319.jpg,sparse_residential,sparse_residential,0.939951479434967,PASS,
dataset\set 23\sparse_residential\sparseresidential320.jpg,sparse_residential,sparse_residential,0.9608333110809326,PASS,
dataset\set 23\sparse_residential\sparseresidential321.jpg,sparse_residential,sparse_residential,0.5231594443321228,PASS,
dataset\set 23\sparse_residential\sparseresidential322.jpg,sparse_residential,sparse_residential,0.8353062272071838,PASS,
dataset\set 23\sparse_residential\sparseresidential323.jpg,sparse_residential,sparse_residential,0.5770784616470337,PASS,
dataset\set 23\sparse_residential\sparseresidential324.jpg,sparse_residential,sparse_residential,0.9755533933639526,PASS,
dataset\set 23\sparse_residential\sparseresidential325.jpg,sparse_residential,sparse_residential,0.9826471209526062,PASS,
dataset\set 23\sparse_residential\sparseresidential326.jpg,sparse_residential,sparse_residential,0.9907100200653076,PASS,
dataset\set 23\sparse_residential\sparseresidential327.jpg,sparse_residential,sparse_residential,0.5454227328300476,PASS,
dataset\set 23\sparse_residential\sparseresidential328.jpg,sparse_residential,sparse_residential,0.9516894817352295,PASS,
dataset\set 23\sparse_residential\sparseresidential329.jpg,sparse_residential,sparse_residential,0.9957305788993835,PASS,
dataset\set 23\sparse_residential\sparseresidential330.jpg,sparse_residential,sparse_residential,0.9836385250091553,PASS,
dataset\set 23\sparse_residential\sparseresidential331.jpg,sparse_residential,sparse_residential,0.9966373443603516,PASS,
dataset\set 23\sparse_residential\sparseresidential332.jpg,sparse_residential,sparse_residential,0.7626227140426636,PASS,
dataset\set 23\sparse_residential\sparseresidential333.jpg,sparse_residential,sparse_residential,0.689804196357727,PASS,
dataset\set 23\sparse_residential\sparseresidential334.jpg,sparse_residential,sparse_residential,0.9808893799781799,PASS,
dataset\set 23\sparse_residential\sparseresidential335.jpg,sparse_residential,coastal_mansion,0.6806309223175049,FAIL,
dataset\set 23\sparse_residential\sparseresidential336.jpg,sparse_residential,sparse_residential,0.8746947646141052,PASS,
dataset\set 23\sparse_residential\sparseresidential337.jpg,sparse_residential,sparse_residential,0.6970201730728149,PASS,
dataset\set 23\sparse_residential\sparseresidential338.jpg,sparse_residential,sparse_residential,0.5422188639640808,PASS,
dataset\set 23\sparse_residential\sparseresidential339.jpg,sparse_residential,sparse_residential,0.999451220035553,PASS,
dataset\set 23\sparse_residential\sparseresidential340.jpg,sparse_residential,sparse_residential,0.9978311657905579,PASS,
dataset\set 23\sparse_residential\sparseresidential341.jpg,sparse_residential,sparse_residential,0.9931286573410034,PASS,
dataset\set 23\sparse_residential\sparseresidential342.jpg,sparse_residential,sparse_residential,0.9996432065963745,PASS,
dataset\set 23\sparse_residential\sparseresidential343.jpg,sparse_residential,sparse_residential,0.9959143996238708,PASS,
dataset\set 23\sparse_residential\sparseresidential344.jpg,sparse_residential,sparse_residential,0.997771143913269,PASS,
dataset\set 23\sparse_residential\sparseresidential345.jpg,sparse_residential,sparse_residential,0.9976613521575928,PASS,
dataset\set 23\sparse_residential\sparseresidential346.jpg,sparse_residential,sparse_residential,0.9995133876800537,PASS,
dataset\set 23\sparse_residential\sparseresidential347.jpg,sparse_residential,sparse_residential,0.9917444586753845,PASS,
dataset\set 23\sparse_residential\sparseresidential348.jpg,sparse_residential,sparse_residential,0.9997690320014954,PASS,
dataset\set 23\sparse_residential\sparseresidential349.jpg,sparse_residential,sparse_residential,0.9998252987861633,PASS,
dataset\set 23\sparse_residential\sparseresidential350.jpg,sparse_residential,sparse_residential,0.9998378753662109,PASS,
dataset\set 23\sparse_residential\sparseresidential351.jpg,sparse_residential,sparse_residential,0.9869937300682068,PASS,
dataset\set 23\sparse_residential\sparseresidential352.jpg,sparse_residential,sparse_residential,0.9099977612495422,PASS,
dataset\set 23\sparse_residential\sparseresidential353.jpg,sparse_residential,sparse_residential,0.9996863603591919,PASS,
dataset\set 23\sparse_residential\sparseresidential354.jpg,sparse_residential,sparse_residential,0.9928748607635498,PASS,
dataset\set 23\sparse_residential\sparseresidential355.jpg,sparse_residential,sparse_residential,0.9991540908813477,PASS,
dataset\set 23\sparse_residential\sparseresidential356.jpg,sparse_residential,sparse_residential,0.9984356760978699,PASS,
dataset\set 23\sparse_residential\sparseresidential357.jpg,sparse_residential,sparse_residential,0.9996849298477173,PASS,
dataset\set 23\sparse_residential\sparseresidential358.jpg,sparse_residential,sparse_residential,0.99598628282547,PASS,
dataset\set 23\sparse_residential\sparseresidential359.jpg,sparse_residential,sparse_residential,0.9969223141670227,PASS,
dataset\set 23\sparse_residential\sparseresidential360.jpg,sparse_residential,sparse_residential,0.9983136653900146,PASS,
dataset\set 23\sparse_residential\sparseresidential361.jpg,sparse_residential,sparse_residential,0.9872840642929077,PASS,
dataset\set 23\sparse_residential\sparseresidential362.jpg,sparse_residential,sparse_residential,0.9985923171043396,PASS,
dataset\set 23\sparse_residential\sparseresidential363.jpg,sparse_residential,sparse_residential,0.9865798354148865,PASS,
dataset\set 23\sparse_residential\sparseresidential364.jpg,sparse_residential,sparse_residential,0.996563732624054,PASS,
dataset\set 23\sparse_residential\sparseresidential365.jpg,sparse_residential,sparse_residential,0.9998507499694824,PASS,
dataset\set 23\sparse_residential\sparseresidential366.jpg,sparse_residential,sparse_residential,0.9691112041473389,PASS,
dataset\set 23\sparse_residential\sparseresidential367.jpg,sparse_residential,sparse_residential,0.999431312084198,PASS,
dataset\set 23\sparse_residential\sparseresidential368.jpg,sparse_residential,sparse_residential,0.9988442659378052,PASS,
dataset\set 23\sparse_residential\sparseresidential369.jpg,sparse_residential,sparse_residential,0.9898932576179504,PASS,
dataset\set 23\sparse_residential\sparseresidential370.jpg,sparse_residential,sparse_residential,0.9703495502471924,PASS,
dataset\set 23\sparse_residential\sparseresidential371.jpg,sparse_residential,sparse_residential,0.9996446371078491,PASS,
dataset\set 23\sparse_residential\sparseresidential372.jpg,sparse_residential,sparse_residential,0.9910353422164917,PASS,
dataset\set 23\sparse_residential\sparseresidential373.jpg,sparse_residential,sparse_residential,0.9984601736068726,PASS,
dataset\set 23\sparse_residential\sparseresidential374.jpg,sparse_residential,sparse_residential,0.997818112373352,PASS,
dataset\set 23\sparse_residential\sparseresidential375.jpg,sparse_residential,sparse_residential,0.9846144318580627,PASS,
dataset\set 23\sparse_residential\sparseresidential376.jpg,sparse_residential,sparse_residential,0.9964122176170349,PASS,
dataset\set 23\sparse_residential\sparseresidential377.jpg,sparse_residential,sparse_residential,0.9925561547279358,PASS,
dataset\set 23\sparse_residential\sparseresidential378.jpg,sparse_residential,sparse_residential,0.9997480511665344,PASS,
dataset\set 23\sparse_residential\sparseresidential379.jpg,sparse_residential,sparse_residential,0.9861167073249817,PASS,
dataset\set 23\sparse_residential\sparseresidential380.jpg,sparse_residential,sparse_residential,0.9972144961357117,PASS,
dataset\set 23\sparse_residential\sparseresidential381.jpg,sparse_residential,sparse_residential,0.9946855306625366,PASS,
dataset\set 23\sparse_residential\sparseresidential382.jpg,sparse_residential,sparse_residential,0.9986968636512756,PASS,
dataset\set 23\sparse_residential\sparseresidential383.jpg,sparse_residential,sparse_residential,0.9708366394042969,PASS,
dataset\set 23\sparse_residential\sparseresidential384.jpg,sparse_residential,sparse_residential,0.9966261386871338,PASS,
dataset\set 23\sparse_residential\sparseresidential385.jpg,sparse_residential,sparse_residential,0.9974187612533569,PASS,
dataset\set 23\sparse_residential\sparseresidential386.jpg,sparse_residential,sparse_residential,0.976517915725708,PASS,
dataset\set 23\sparse_residential\sparseresidential387.jpg,sparse_residential,sparse_residential,0.9940959215164185,PASS,
dataset\set 23\sparse_residential\sparseresidential388.jpg,sparse_residential,sparse_residential,0.9956795573234558,PASS,
dataset\set 23\sparse_residential\sparseresidential389.jpg,sparse_residential,sparse_residential,0.9998193383216858,PASS,
dataset\set 23\sparse_residential\sparseresidential390.jpg,sparse_residential,sparse_residential,0.8988062143325806,PASS,
dataset\set 23\sparse_residential\sparseresidential391.jpg,sparse_residential,sparse_residential,0.9962182641029358,PASS,
dataset\set 23\sparse_residential\sparseresidential392.jpg,sparse_residential,sparse_residential,0.9872018098831177,PASS,
dataset\set 23\sparse_residential\sparseresidential393.jpg,sparse_residential,sparse_residential,0.9933480620384216,PASS,
dataset\set 23\sparse_residential\sparseresidential394.jpg,sparse_residential,sparse_residential,0.9997584223747253,PASS,
dataset\set 23\sparse_residential\sparseresidential395.jpg,sparse_residential,sparse_residential,0.9881404638290405,PASS,
dataset\set 23\sparse_residential\sparseresidential396.jpg,sparse_residential,sparse_residential,0.9984564781188965,PASS,
dataset\set 23\sparse_residential\sparseresidential397.jpg,sparse_residential,sparse_residential,0.9537264704704285,PASS,
dataset\set 23\sparse_residential\sparseresidential398.jpg,sparse_residential,sparse_residential,0.9995697140693665,PASS,
dataset\set 23\sparse_residential\sparseresidential399.jpg,sparse_residential,sparse_residential,0.8326036334037781,PASS,
dataset\set 23\sparse_residential\sparseresidential400.jpg,sparse_residential,sparse_residential,0.9711820483207703,PASS,
dataset\set 23\sparse_residential\sparseresidential401.jpg,sparse_residential,sparse_residential,0.9765532612800598,PASS,
dataset\set 23\sparse_residential\sparseresidential402.jpg,sparse_residential,sparse_residential,0.9978125095367432,PASS,
dataset\set 23\sparse_residential\sparseresidential403.jpg,sparse_residential,sparse_residential,0.9999402761459351,PASS,
dataset\set 23\sparse_residential\sparseresidential404.jpg,sparse_residential,sparse_residential,0.9992899894714355,PASS,
dataset\set 23\sparse_residential\sparseresidential405.jpg,sparse_residential,sparse_residential,0.9968942403793335,PASS,
dataset\set 23\sparse_residential\sparseresidential406.jpg,sparse_residential,sparse_residential,0.997761607170105,PASS,
dataset\set 23\sparse_residential\sparseresidential407.jpg,sparse_residential,sparse_residential,0.9732735753059387,PASS,
dataset\set 23\sparse_residential\sparseresidential408.jpg,sparse_residential,sparse_residential,0.9998273849487305,PASS,
dataset\set 23\sparse_residential\sparseresidential409.jpg,sparse_residential,sparse_residential,0.9468660354614258,PASS,
dataset\set 23\sparse_residential\sparseresidential410.jpg,sparse_residential,sparse_residential,0.9988686442375183,PASS,
dataset\set 23\sparse_residential\sparseresidential411.jpg,sparse_residential,sparse_residential,0.9848945736885071,PASS,
dataset\set 23\sparse_residential\sparseresidential412.jpg,sparse_residential,sparse_residential,0.9963268637657166,PASS,
dataset\set 23\sparse_residential\sparseresidential413.jpg,sparse_residential,sparse_residential,0.9795310497283936,PASS,
dataset\set 23\sparse_residential\sparseresidential414.jpg,sparse_residential,sparse_residential,0.9035659432411194,PASS,
dataset\set 23\sparse_residential\sparseresidential415.jpg,sparse_residential,sparse_residential,0.7812641263008118,PASS,
dataset\set 23\sparse_residential\sparseresidential416.jpg,sparse_residential,sparse_residential,0.9956405162811279,PASS,
dataset\set 23\sparse_residential\sparseresidential417.jpg,sparse_residential,sparse_residential,0.9970933198928833,PASS,
dataset\set 23\sparse_residential\sparseresidential418.jpg,sparse_residential,sparse_residential,0.9992351531982422,PASS,
dataset\set 23\sparse_residential\sparseresidential419.jpg,sparse_residential,sparse_residential,0.9998459815979004,PASS,
dataset\set 23\sparse_residential\sparseresidential420.jpg,sparse_residential,sparse_residential,0.9982153177261353,PASS,
dataset\set 23\sparse_residential\sparseresidential421.jpg,sparse_residential,sparse_residential,0.9759039878845215,PASS,
dataset\set 23\sparse_residential\sparseresidential422.jpg,sparse_residential,sparse_residential,0.9997902512550354,PASS,
dataset\set 23\sparse_residential\sparseresidential423.jpg,sparse_residential,sparse_residential,0.9995744824409485,PASS,
dataset\set 23\sparse_residential\sparseresidential424.jpg,sparse_residential,sparse_residential,0.9987412095069885,PASS,
dataset\set 23\sparse_residential\sparseresidential425.jpg,sparse_residential,sparse_residential,0.9918348789215088,PASS,
dataset\set 23\sparse_residential\sparseresidential426.jpg,sparse_residential,sparse_residential,0.9941967725753784,PASS,
dataset\set 23\sparse_residential\sparseresidential427.jpg,sparse_residential,sparse_residential,0.999842643737793,PASS,
dataset\set 23\sparse_residential\sparseresidential428.jpg,sparse_residential,sparse_residential,0.999383807182312,PASS,
dataset\set 23\sparse_residential\sparseresidential429.jpg,sparse_residential,sparse_residential,0.9965071082115173,PASS,
dataset\set 23\sparse_residential\sparseresidential430.jpg,sparse_residential,sparse_residential,0.999370276927948,PASS,
dataset\set 23\sparse_residential\sparseresidential431.jpg,sparse_residential,sparse_residential,0.9960087537765503,PASS,
dataset\set 23\sparse_residential\sparseresidential432.jpg,sparse_residential,sparse_residential,0.9983686804771423,PASS,
dataset\set 23\sparse_residential\sparseresidential433.jpg,sparse_residential,sparse_residential,0.9986180067062378,PASS,
dataset\set 23\sparse_residential\sparseresidential434.jpg,sparse_residential,sparse_residential,0.9927773475646973,PASS,
dataset\set 23\sparse_residential\sparseresidential435.jpg,sparse_residential,sparse_residential,0.9947380423545837,PASS,
dataset\set 23\sparse_residential\sparseresidential436.jpg,sparse_residential,sparse_residential,0.9944965243339539,PASS,
dataset\set 23\sparse_residential\sparseresidential437.jpg,sparse_residential,sparse_residential,0.9842318296432495,PASS,
dataset\set 23\sparse_residential\sparseresidential438.jpg,sparse_residential,sparse_residential,0.9943969249725342,PASS,
dataset\set 23\sparse_residential\sparseresidential439.jpg,sparse_residential,sparse_residential,0.9872363805770874,PASS,
dataset\set 23\sparse_residential\sparseresidential440.jpg,sparse_residential,sparse_residential,0.9902845025062561,PASS,
dataset\set 23\sparse_residential\sparseresidential441.jpg,sparse_residential,sparse_residential,0.9995304346084595,PASS,
dataset\set 23\sparse_residential\sparseresidential442.jpg,sparse_residential,sparse_residential,0.9949246644973755,PASS,
dataset\set 23\sparse_residential\sparseresidential443.jpg,sparse_residential,sparse_residential,0.9983092546463013,PASS,
dataset\set 23\sparse_residential\sparseresidential444.jpg,sparse_residential,sparse_residential,0.9975926280021667,PASS,
dataset\set 23\sparse_residential\sparseresidential445.jpg,sparse_residential,sparse_residential,0.99982750415802,PASS,
dataset\set 23\sparse_residential\sparseresidential446.jpg,sparse_residential,sparse_residential,0.9432098865509033,PASS,
dataset\set 23\sparse_residential\sparseresidential447.jpg,sparse_residential,sparse_residential,0.9982964396476746,PASS,
dataset\set 23\sparse_residential\sparseresidential448.jpg,sparse_residential,sparse_residential,0.8264584541320801,PASS,
dataset\set 23\sparse_residential\sparseresidential449.jpg,sparse_residential,sparse_residential,0.9948827028274536,PASS,
dataset\set 23\sparse_residential\sparseresidential450.jpg,sparse_residential,sparse_residential,0.9939352869987488,PASS,
dataset\set 23\sparse_residential\sparseresidential451.jpg,sparse_residential,sparse_residential,0.9497294425964355,PASS,
dataset\set 23\sparse_residential\sparseresidential452.jpg,sparse_residential,sparse_residential,0.9992806315422058,PASS,
dataset\set 23\sparse_residential\sparseresidential453.jpg,sparse_residential,sparse_residential,0.9998359680175781,PASS,
dataset\set 23\sparse_residential\sparseresidential454.jpg,sparse_residential,sparse_residential,0.997351884841919,PASS,
dataset\set 23\sparse_residential\sparseresidential455.jpg,sparse_residential,sparse_residential,0.9955527186393738,PASS,
dataset\set 23\sparse_residential\sparseresidential456.jpg,sparse_residential,sparse_residential,0.5858872532844543,PASS,
dataset\set 23\sparse_residential\sparseresidential457.jpg,sparse_residential,sparse_residential,0.9915791749954224,PASS,
dataset\set 23\sparse_residential\sparseresidential458.jpg,sparse_residential,sparse_residential,0.9984492063522339,PASS,
dataset\set 23\sparse_residential\sparseresidential459.jpg,sparse_residential,sparse_residential,0.9978812336921692,PASS,
dataset\set 23\sparse_residential\sparseresidential460.jpg,sparse_residential,sparse_residential,0.9554728269577026,PASS,
dataset\set 23\sparse_residential\sparseresidential461.jpg,sparse_residential,sparse_residential,0.999800980091095,PASS,
dataset\set 23\sparse_residential\sparseresidential462.jpg,sparse_residential,sparse_residential,0.9985796213150024,PASS,
dataset\set 23\sparse_residential\sparseresidential463.jpg,sparse_residential,sparse_residential,0.9968448877334595,PASS,
dataset\set 23\sparse_residential\sparseresidential464.jpg,sparse_residential,sparse_residential,0.988046407699585,PASS,
dataset\set 23\sparse_residential\sparseresidential465.jpg,sparse_residential,sparse_residential,0.9988617897033691,PASS,
dataset\set 23\sparse_residential\sparseresidential466.jpg,sparse_residential,sparse_residential,0.9997267127037048,PASS,
dataset\set 23\sparse_residential\sparseresidential467.jpg,sparse_residential,sparse_residential,0.9817187190055847,PASS,
dataset\set 23\sparse_residential\sparseresidential468.jpg,sparse_residential,sparse_residential,0.9999117851257324,PASS,
dataset\set 23\sparse_residential\sparseresidential469.jpg,sparse_residential,sparse_residential,0.9978718757629395,PASS,
dataset\set 23\sparse_residential\sparseresidential470.jpg,sparse_residential,sparse_residential,0.826062023639679,PASS,
dataset\set 23\sparse_residential\sparseresidential471.jpg,sparse_residential,sparse_residential,0.9674808979034424,PASS,
dataset\set 23\sparse_residential\sparseresidential472.jpg,sparse_residential,sparse_residential,0.9988963603973389,PASS,
dataset\set 23\sparse_residential\sparseresidential473.jpg,sparse_residential,sparse_residential,0.9943245053291321,PASS,
dataset\set 23\sparse_residential\sparseresidential474.jpg,sparse_residential,sparse_residential,0.9996521472930908,PASS,
dataset\set 23\sparse_residential\sparseresidential475.jpg,sparse_residential,sparse_residential,0.9994627833366394,PASS,
dataset\set 23\sparse_residential\sparseresidential476.jpg,sparse_residential,sparse_residential,0.9939101934432983,PASS,
dataset\set 23\sparse_residential\sparseresidential477.jpg,sparse_residential,sparse_residential,0.985463559627533,PASS,
dataset\set 23\sparse_residential\sparseresidential478.jpg,sparse_residential,sparse_residential,0.9450754523277283,PASS,
dataset\set 23\sparse_residential\sparseresidential479.jpg,sparse_residential,sparse_residential,0.9997125267982483,PASS,
dataset\set 23\sparse_residential\sparseresidential480.jpg,sparse_residential,sparse_residential,0.9916077852249146,PASS,
dataset\set 23\sparse_residential\sparseresidential481.jpg,sparse_residential,sparse_residential,0.9991569519042969,PASS,
dataset\set 23\sparse_residential\sparseresidential482.jpg,sparse_residential,sparse_residential,0.9995971322059631,PASS,
dataset\set 23\sparse_residential\sparseresidential483.jpg,sparse_residential,sparse_residential,0.9995001554489136,PASS,
dataset\set 23\sparse_residential\sparseresidential484.jpg,sparse_residential,sparse_residential,0.9991884827613831,PASS,
dataset\set 23\sparse_residential\sparseresidential485.jpg,sparse_residential,sparse_residential,0.999183714389801,PASS,
dataset\set 23\sparse_residential\sparseresidential486.jpg,sparse_residential,sparse_residential,0.9969636797904968,PASS,
dataset\set 23\sparse_residential\sparseresidential487.jpg,sparse_residential,sparse_residential,0.9536838531494141,PASS,
dataset\set 23\sparse_residential\sparseresidential488.jpg,sparse_residential,sparse_residential,0.999913215637207,PASS,
dataset\set 23\sparse_residential\sparseresidential489.jpg,sparse_residential,sparse_residential,0.9935309290885925,PASS,
dataset\set 23\sparse_residential\sparseresidential490.jpg,sparse_residential,sparse_residential,0.9998856782913208,PASS,
dataset\set 23\sparse_residential\sparseresidential491.jpg,sparse_residential,sparse_residential,0.9607222676277161,PASS,
dataset\set 23\sparse_residential\sparseresidential492.jpg,sparse_residential,sparse_residential,0.9982665777206421,PASS,
dataset\set 23\sparse_residential\sparseresidential493.jpg,sparse_residential,sparse_residential,0.9994795918464661,PASS,
dataset\set 23\sparse_residential\sparseresidential494.jpg,sparse_residential,sparse_residential,0.9994117021560669,PASS,
dataset\set 23\sparse_residential\sparseresidential495.jpg,sparse_residential,sparse_residential,0.9998383522033691,PASS,
dataset\set 23\sparse_residential\sparseresidential496.jpg,sparse_residential,sparse_residential,0.9995276927947998,PASS,
dataset\set 23\sparse_residential\sparseresidential497.jpg,sparse_residential,sparse_residential,0.9550347328186035,PASS,
dataset\set 23\sparse_residential\sparseresidential498.jpg,sparse_residential,sparse_residential,0.9984425902366638,PASS,
dataset\set 23\sparse_residential\sparseresidential499.jpg,sparse_residential,sparse_residential,0.9875199794769287,PASS,
dataset\set 23\sparse_residential\sparseresidential500.jpg,sparse_residential,sparse_residential,0.9800381064414978,PASS,
dataset\set 23\sparse_residential\sparseresidential501.jpg,sparse_residential,sparse_residential,0.998684823513031,PASS,
dataset\set 23\sparse_residential\sparseresidential502.jpg,sparse_residential,sparse_residential,0.999602735042572,PASS,
dataset\set 23\sparse_residential\sparseresidential503.jpg,sparse_residential,sparse_residential,0.9999370574951172,PASS,
dataset\set 23\sparse_residential\sparseresidential504.jpg,sparse_residential,sparse_residential,0.9995602965354919,PASS,
dataset\set 23\sparse_residential\sparseresidential505.jpg,sparse_residential,sparse_residential,0.9977837204933167,PASS,
dataset\set 23\sparse_residential\sparseresidential506.jpg,sparse_residential,sparse_residential,0.9998496770858765,PASS,
dataset\set 23\sparse_residential\sparseresidential507.jpg,sparse_residential,sparse_residential,0.9765223264694214,PASS,
dataset\set 23\sparse_residential\sparseresidential508.jpg,sparse_residential,sparse_residential,0.9976699948310852,PASS,
dataset\set 23\sparse_residential\sparseresidential509.jpg,sparse_residential,sparse_residential,0.9995232820510864,PASS,
dataset\set 23\sparse_residential\sparseresidential510.jpg,sparse_residential,sparse_residential,0.9971264004707336,PASS,
dataset\set 23\sparse_residential\sparseresidential511.jpg,sparse_residential,sparse_residential,0.9946771860122681,PASS,
dataset\set 23\sparse_residential\sparseresidential512.jpg,sparse_residential,sparse_residential,0.9997583031654358,PASS,
dataset\set 23\sparse_residential\sparseresidential513.jpg,sparse_residential,sparse_residential,0.9958802461624146,PASS,
dataset\set 23\sparse_residential\sparseresidential514.jpg,sparse_residential,sparse_residential,0.980690062046051,PASS,
dataset\set 23\sparse_residential\sparseresidential515.jpg,sparse_residential,sparse_residential,0.9952235817909241,PASS,
dataset\set 23\sparse_residential\sparseresidential516.jpg,sparse_residential,sparse_residential,0.9959871172904968,PASS,
dataset\set 23\sparse_residential\sparseresidential517.jpg,sparse_residential,sparse_residential,0.9984298348426819,PASS,
dataset\set 23\sparse_residential\sparseresidential518.jpg,sparse_residential,sparse_residential,0.9991291165351868,PASS,
dataset\set 23\sparse_residential\sparseresidential519.jpg,sparse_residential,sparse_residential,0.9924969673156738,PASS,
dataset\set 23\sparse_residential\sparseresidential520.jpg,sparse_residential,sparse_residential,0.9993712306022644,PASS,
dataset\set 23\sparse_residential\sparseresidential521.jpg,sparse_residential,sparse_residential,0.9982448816299438,PASS,
dataset\set 23\sparse_residential\sparseresidential522.jpg,sparse_residential,sparse_residential,0.998892605304718,PASS,
dataset\set 23\sparse_residential\sparseresidential523.jpg,sparse_residential,sparse_residential,0.9896209239959717,PASS,
dataset\set 23\sparse_residential\sparseresidential524.jpg,sparse_residential,sparse_residential,0.9976688027381897,PASS,
dataset\set 23\sparse_residential\sparseresidential525.jpg,sparse_residential,sparse_residential,0.998872697353363,PASS,
dataset\set 23\sparse_residential\sparseresidential526.jpg,sparse_residential,sparse_residential,0.9988880753517151,PASS,
dataset\set 23\sparse_residential\sparseresidential527.jpg,sparse_residential,sparse_residential,0.9995731711387634,PASS,
dataset\set 23\sparse_residential\sparseresidential528.jpg,sparse_residential,sparse_residential,0.928662896156311,PASS,
dataset\set 23\sparse_residential\sparseresidential529.jpg,sparse_residential,sparse_residential,0.9980921149253845,PASS,
dataset\set 23\sparse_residential\sparseresidential530.jpg,sparse_residential,sparse_residential,0.9854696989059448,PASS,
dataset\set 23\sparse_residential\sparseresidential531.jpg,sparse_residential,sparse_residential,0.9828360676765442,PASS,
dataset\set 23\sparse_residential\sparseresidential532.jpg,sparse_residential,sparse_residential,0.9994446635246277,PASS,
dataset\set 23\sparse_residential\sparseresidential533.jpg,sparse_residential,sparse_residential,0.9993355870246887,PASS,
dataset\set 23\sparse_residential\sparseresidential534.jpg,sparse_residential,sparse_residential,0.959479808807373,PASS,
dataset\set 23\sparse_residential\sparseresidential535.jpg,sparse_residential,sparse_residential,0.9597964882850647,PASS,
dataset\set 23\sparse_residential\sparseresidential536.jpg,sparse_residential,sparse_residential,0.9934675097465515,PASS,
dataset\set 23\sparse_residential\sparseresidential537.jpg,sparse_residential,sparse_residential,0.7933419346809387,PASS,
dataset\set 23\sparse_residential\sparseresidential538.jpg,sparse_residential,sparse_residential,0.9999240636825562,PASS,
dataset\set 23\sparse_residential\sparseresidential539.jpg,sparse_residential,sparse_residential,0.9440690875053406,PASS,
dataset\set 23\sparse_residential\sparseresidential540.jpg,sparse_residential,sparse_residential,0.9998458623886108,PASS,
dataset\set 23\sparse_residential\sparseresidential541.jpg,sparse_residential,sparse_residential,0.9966572523117065,PASS,
dataset\set 23\sparse_residential\sparseresidential542.jpg,sparse_residential,sparse_residential,0.9997451901435852,PASS,
dataset\set 23\sparse_residential\sparseresidential543.jpg,sparse_residential,sparse_residential,0.9386351704597473,PASS,
dataset\set 23\sparse_residential\sparseresidential544.jpg,sparse_residential,sparse_residential,0.9997609257698059,PASS,
dataset\set 23\sparse_residential\sparseresidential545.jpg,sparse_residential,sparse_residential,0.9798595309257507,PASS,
dataset\set 23\sparse_residential\sparseresidential546.jpg,sparse_residential,sparse_residential,0.9987409710884094,PASS,
dataset\set 23\sparse_residential\sparseresidential547.jpg,sparse_residential,sparse_residential,0.9998346567153931,PASS,
dataset\set 23\sparse_residential\sparseresidential548.jpg,sparse_residential,sparse_residential,0.9996237754821777,PASS,
dataset\set 23\sparse_residential\sparseresidential549.jpg,sparse_residential,sparse_residential,0.9973248243331909,PASS,
dataset\set 23\sparse_residential\sparseresidential550.jpg,sparse_residential,sparse_residential,0.9968662858009338,PASS,
dataset\set 23\sparse_residential\sparseresidential551.jpg,sparse_residential,sparse_residential,0.9965369701385498,PASS,
dataset\set 23\sparse_residential\sparseresidential552.jpg,sparse_residential,sparse_residential,0.9974428415298462,PASS,
dataset\set 23\sparse_residential\sparseresidential553.jpg,sparse_residential,sparse_residential,0.9999040365219116,PASS,
dataset\set 23\sparse_residential\sparseresidential554.jpg,sparse_residential,sparse_residential,0.9947385191917419,PASS,
dataset\set 23\sparse_residential\sparseresidential555.jpg,sparse_residential,sparse_residential,0.9879757761955261,PASS,
dataset\set 23\sparse_residential\sparseresidential556.jpg,sparse_residential,sparse_residential,0.998818576335907,PASS,
dataset\set 23\sparse_residential\sparseresidential557.jpg,sparse_residential,sparse_residential,0.9960775971412659,PASS,
dataset\set 23\sparse_residential\sparseresidential558.jpg,sparse_residential,sparse_residential,0.9998884201049805,PASS,
dataset\set 23\sparse_residential\sparseresidential559.jpg,sparse_residential,sparse_residential,0.9995705485343933,PASS,
dataset\set 23\sparse_residential\sparseresidential560.jpg,sparse_residential,sparse_residential,0.9863768219947815,PASS,
dataset\set 23\sparse_residential\sparseresidential561.jpg,sparse_residential,sparse_residential,0.9972645044326782,PASS,
dataset\set 23\sparse_residential\sparseresidential562.jpg,sparse_residential,sparse_residential,0.9996936321258545,PASS,
dataset\set 23\sparse_residential\sparseresidential563.jpg,sparse_residential,sparse_residential,0.9996331930160522,PASS,
dataset\set 23\sparse_residential\sparseresidential564.jpg,sparse_residential,sparse_residential,0.9888972640037537,PASS,
dataset\set 23\sparse_residential\sparseresidential565.jpg,sparse_residential,sparse_residential,0.9939747452735901,PASS,
dataset\set 23\sparse_residential\sparseresidential566.jpg,sparse_residential,sparse_residential,0.9984921216964722,PASS,
dataset\set 23\sparse_residential\sparseresidential567.jpg,sparse_residential,sparse_residential,0.8385000228881836,PASS,
dataset\set 23\sparse_residential\sparseresidential568.jpg,sparse_residential,sparse_residential,0.9997287392616272,PASS,
dataset\set 23\sparse_residential\sparseresidential569.jpg,sparse_residential,sparse_residential,0.9702031016349792,PASS,
dataset\set 23\sparse_residential\sparseresidential570.jpg,sparse_residential,sparse_residential,0.9967401623725891,PASS,
dataset\set 23\sparse_residential\sparseresidential571.jpg,sparse_residential,sparse_residential,0.9991918206214905,PASS,
dataset\set 23\sparse_residential\sparseresidential572.jpg,sparse_residential,sparse_residential,0.9978917241096497,PASS,
dataset\set 23\sparse_residential\sparseresidential573.jpg,sparse_residential,sparse_residential,0.9756293892860413,PASS,
dataset\set 23\sparse_residential\sparseresidential574.jpg,sparse_residential,sparse_residential,0.9728583097457886,PASS,
dataset\set 23\sparse_residential\sparseresidential575.jpg,sparse_residential,sparse_residential,0.9872038960456848,PASS,
dataset\set 23\sparse_residential\sparseresidential576.jpg,sparse_residential,sparse_residential,0.9787776470184326,PASS,
dataset\set 23\sparse_residential\sparseresidential577.jpg,sparse_residential,sparse_residential,0.9922853708267212,PASS,
dataset\set 23\sparse_residential\sparseresidential578.jpg,sparse_residential,sparse_residential,0.998970627784729,PASS,
dataset\set 23\sparse_residential\sparseresidential579.jpg,sparse_residential,sparse_residential,0.9970511198043823,PASS,
dataset\set 23\sparse_residential\sparseresidential580.jpg,sparse_residential,sparse_residential,0.997016191482544,PASS,
dataset\set 23\sparse_residential\sparseresidential581.jpg,sparse_residential,sparse_residential,0.9997681975364685,PASS,
dataset\set 23\sparse_residential\sparseresidential582.jpg,sparse_residential,sparse_residential,0.9945588707923889,PASS,
dataset\set 23\sparse_residential\sparseresidential583.jpg,sparse_residential,sparse_residential,0.9925852417945862,PASS,
dataset\set 23\sparse_residential\sparseresidential584.jpg,sparse_residential,sparse_residential,0.999879002571106,PASS,
dataset\set 23\sparse_residential\sparseresidential585.jpg,sparse_residential,sparse_residential,0.9988864064216614,PASS,
dataset\set 23\sparse_residential\sparseresidential586.jpg,sparse_residential,sparse_residential,0.9999579191207886,PASS,
dataset\set 23\sparse_residential\sparseresidential587.jpg,sparse_residential,sparse_residential,0.9989885687828064,PASS,
dataset\set 23\sparse_residential\sparseresidential588.jpg,sparse_residential,sparse_residential,0.7019864916801453,PASS,
dataset\set 23\sparse_residential\sparseresidential589.jpg,sparse_residential,sparse_residential,0.9970766305923462,PASS,
dataset\set 23\sparse_residential\sparseresidential590.jpg,sparse_residential,sparse_residential,0.9995880722999573,PASS,
dataset\set 23\sparse_residential\sparseresidential591.jpg,sparse_residential,sparse_residential,0.9787353873252869,PASS,
dataset\set 23\sparse_residential\sparseresidential592.jpg,sparse_residential,sparse_residential,0.9790065884590149,PASS,
dataset\set 23\sparse_residential\sparseresidential593.jpg,sparse_residential,sparse_residential,0.9991917014122009,PASS,
dataset\set 23\sparse_residential\sparseresidential594.jpg,sparse_residential,sparse_residential,0.9998764991760254,PASS,
dataset\set 23\sparse_residential\sparseresidential595.jpg,sparse_residential,sparse_residential,0.9860919117927551,PASS,
dataset\set 23\sparse_residential\sparseresidential596.jpg,sparse_residential,sparse_residential,0.9655301570892334,PASS,
dataset\set 23\sparse_residential\sparseresidential597.jpg,sparse_residential,sparse_residential,0.998712420463562,PASS,
dataset\set 23\sparse_residential\sparseresidential598.jpg,sparse_residential,sparse_residential,0.9999203681945801,PASS,
dataset\set 23\sparse_residential\sparseresidential599.jpg,sparse_residential,sparse_residential,0.9738152027130127,PASS,
dataset\set 23\sparse_residential\sparseresidential600.jpg,sparse_residential,sparse_residential,0.9998192191123962,PASS,
dataset\set 23\sparse_residential\sparseresidential601.jpg,sparse_residential,sparse_residential,0.9979255199432373,PASS,
dataset\set 23\sparse_residential\sparseresidential602.jpg,sparse_residential,sparse_residential,0.9813390374183655,PASS,
dataset\set 23\sparse_residential\sparseresidential603.jpg,sparse_residential,sparse_residential,0.9734645485877991,PASS,
dataset\set 23\sparse_residential\sparseresidential604.jpg,sparse_residential,sparse_residential,0.951949417591095,PASS,
dataset\set 23\sparse_residential\sparseresidential605.jpg,sparse_residential,sparse_residential,0.9988754391670227,PASS,
dataset\set 23\sparse_residential\sparseresidential606.jpg,sparse_residential,sparse_residential,0.976875901222229,PASS,
dataset\set 23\sparse_residential\sparseresidential607.jpg,sparse_residential,sparse_residential,0.9431554079055786,PASS,
dataset\set 23\sparse_residential\sparseresidential608.jpg,sparse_residential,sparse_residential,0.9995819926261902,PASS,
dataset\set 23\sparse_residential\sparseresidential609.jpg,sparse_residential,sparse_residential,0.9881119728088379,PASS,
dataset\set 23\sparse_residential\sparseresidential610.jpg,sparse_residential,sparse_residential,0.9974121451377869,PASS,
dataset\set 23\sparse_residential\sparseresidential611.jpg,sparse_residential,sparse_residential,0.9991294741630554,PASS,
dataset\set 23\sparse_residential\sparseresidential612.jpg,sparse_residential,sparse_residential,0.9970146417617798,PASS,
dataset\set 23\sparse_residential\sparseresidential613.jpg,sparse_residential,sparse_residential,0.9900237917900085,PASS,
dataset\set 23\sparse_residential\sparseresidential614.jpg,sparse_residential,sparse_residential,0.9637002944946289,PASS,
dataset\set 23\sparse_residential\sparseresidential615.jpg,sparse_residential,sparse_residential,0.9931040406227112,PASS,
dataset\set 23\sparse_residential\sparseresidential616.jpg,sparse_residential,sparse_residential,0.9986949563026428,PASS,
dataset\set 23\sparse_residential\sparseresidential617.jpg,sparse_residential,sparse_residential,0.9984049201011658,PASS,
dataset\set 23\sparse_residential\sparseresidential618.jpg,sparse_residential,sparse_residential,0.8435404300689697,PASS,
dataset\set 23\sparse_residential\sparseresidential619.jpg,sparse_residential,sparse_residential,0.9953187108039856,PASS,
dataset\set 23\sparse_residential\sparseresidential620.jpg,sparse_residential,sparse_residential,0.9995600581169128,PASS,
dataset\set 23\sparse_residential\sparseresidential621.jpg,sparse_residential,sparse_residential,0.9997826218605042,PASS,
dataset\set 23\sparse_residential\sparseresidential622.jpg,sparse_residential,sparse_residential,0.9956768155097961,PASS,
dataset\set 23\sparse_residential\sparseresidential623.jpg,sparse_residential,sparse_residential,0.9356066584587097,PASS,
dataset\set 23\sparse_residential\sparseresidential624.jpg,sparse_residential,sparse_residential,0.9994722008705139,PASS,
dataset\set 23\sparse_residential\sparseresidential625.jpg,sparse_residential,sparse_residential,0.9988640546798706,PASS,
dataset\set 23\sparse_residential\sparseresidential626.jpg,sparse_residential,sparse_residential,0.9998112320899963,PASS,
dataset\set 23\sparse_residential\sparseresidential627.jpg,sparse_residential,sparse_residential,0.998302698135376,PASS,
dataset\set 23\sparse_residential\sparseresidential628.jpg,sparse_residential,sparse_residential,0.9974873065948486,PASS,
dataset\set 23\sparse_residential\sparseresidential629.jpg,sparse_residential,sparse_residential,0.9870899319648743,PASS,
dataset\set 23\sparse_residential\sparseresidential630.jpg,sparse_residential,sparse_residential,0.9940944314002991,PASS,
dataset\set 23\sparse_residential\sparseresidential631.jpg,sparse_residential,sparse_residential,0.9708515405654907,PASS,
dataset\set 23\sparse_residential\sparseresidential632.jpg,sparse_residential,sparse_residential,0.9972403049468994,PASS,
dataset\set 23\sparse_residential\sparseresidential633.jpg,sparse_residential,sparse_residential,0.9995715022087097,PASS,
dataset\set 23\sparse_residential\sparseresidential634.jpg,sparse_residential,sparse_residential,0.9971845746040344,PASS,
dataset\set 23\sparse_residential\sparseresidential635.jpg,sparse_residential,sparse_residential,0.9784466624259949,PASS,
dataset\set 23\sparse_residential\sparseresidential636.jpg,sparse_residential,sparse_residential,0.9975211024284363,PASS,
dataset\set 23\sparse_residential\sparseresidential637.jpg,sparse_residential,sparse_residential,0.9666810631752014,PASS,
dataset\set 23\sparse_residential\sparseresidential638.jpg,sparse_residential,sparse_residential,0.9980205297470093,PASS,
dataset\set 23\sparse_residential\sparseresidential639.jpg,sparse_residential,sparse_residential,0.9880930781364441,PASS,
dataset\set 23\sparse_residential\sparseresidential640.jpg,sparse_residential,sparse_residential,0.9961280822753906,PASS,
dataset\set 23\sparse_residential\sparseresidential641.jpg,sparse_residential,sparse_residential,0.9973649382591248,PASS,
dataset\set 23\sparse_residential\sparseresidential642.jpg,sparse_residential,sparse_residential,0.9988453388214111,PASS,
dataset\set 23\sparse_residential\sparseresidential643.jpg,sparse_residential,sparse_residential,0.9891157746315002,PASS,
dataset\set 23\sparse_residential\sparseresidential644.jpg,sparse_residential,sparse_residential,0.9988442659378052,PASS,
dataset\set 23\sparse_residential\sparseresidential645.jpg,sparse_residential,sparse_residential,0.9934514760971069,PASS,
dataset\set 23\sparse_residential\sparseresidential646.jpg,sparse_residential,sparse_residential,0.9967854022979736,PASS,
dataset\set 23\sparse_residential\sparseresidential647.jpg,sparse_residential,sparse_residential,0.9976970553398132,PASS,
dataset\set 23\sparse_residential\sparseresidential648.jpg,sparse_residential,sparse_residential,0.9991815686225891,PASS,
dataset\set 23\sparse_residential\sparseresidential649.jpg,sparse_residential,sparse_residential,0.9993994235992432,PASS,
dataset\set 23\sparse_residential\sparseresidential650.jpg,sparse_residential,sparse_residential,0.9964669942855835,PASS,
dataset\set 23\sparse_residential\sparseresidential651.jpg,sparse_residential,sparse_residential,0.9986703395843506,PASS,
dataset\set 23\sparse_residential\sparseresidential652.jpg,sparse_residential,sparse_residential,0.9960170388221741,PASS,
dataset\set 23\sparse_residential\sparseresidential653.jpg,sparse_residential,sparse_residential,0.9990255832672119,PASS,
dataset\set 23\sparse_residential\sparseresidential654.jpg,sparse_residential,sparse_residential,0.9997809529304504,PASS,
dataset\set 23\sparse_residential\sparseresidential655.jpg,sparse_residential,sparse_residential,0.9978758096694946,PASS,
dataset\set 23\sparse_residential\sparseresidential656.jpg,sparse_residential,sparse_residential,0.9911231994628906,PASS,
dataset\set 23\sparse_residential\sparseresidential657.jpg,sparse_residential,sparse_residential,0.9997965693473816,PASS,
dataset\set 23\sparse_residential\sparseresidential658.jpg,sparse_residential,sparse_residential,0.9985079169273376,PASS,
dataset\set 23\sparse_residential\sparseresidential659.jpg,sparse_residential,sparse_residential,0.9992870688438416,PASS,
dataset\set 23\sparse_residential\sparseresidential660.jpg,sparse_residential,sparse_residential,0.9992583394050598,PASS,
dataset\set 23\sparse_residential\sparseresidential661.jpg,sparse_residential,sparse_residential,0.9984038472175598,PASS,
dataset\set 23\sparse_residential\sparseresidential662.jpg,sparse_residential,sparse_residential,0.9940010905265808,PASS,
dataset\set 23\sparse_residential\sparseresidential663.jpg,sparse_residential,sparse_residential,0.999944806098938,PASS,
dataset\set 23\sparse_residential\sparseresidential664.jpg,sparse_residential,sparse_residential,0.9787310361862183,PASS,
dataset\set 23\sparse_residential\sparseresidential665.jpg,sparse_residential,sparse_residential,0.9995287656784058,PASS,
dataset\set 23\sparse_residential\sparseresidential666.jpg,sparse_residential,sparse_residential,0.9995836615562439,PASS,
dataset\set 23\sparse_residential\sparseresidential667.jpg,sparse_residential,sparse_residential,0.9841734170913696,PASS,
dataset\set 23\sparse_residential\sparseresidential668.jpg,sparse_residential,sparse_residential,0.9935892820358276,PASS,
dataset\set 23\sparse_residential\sparseresidential669.jpg,sparse_residential,sparse_residential,0.9938533306121826,PASS,
dataset\set 23\sparse_residential\sparseresidential670.jpg,sparse_residential,sparse_residential,0.9995211362838745,PASS,
dataset\set 23\sparse_residential\sparseresidential671.jpg,sparse_residential,sparse_residential,0.9987195730209351,PASS,
dataset\set 23\sparse_residential\sparseresidential672.jpg,sparse_residential,sparse_residential,0.999468982219696,PASS,
dataset\set 23\sparse_residential\sparseresidential673.jpg,sparse_residential,sparse_residential,0.9997836947441101,PASS,
dataset\set 23\sparse_residential\sparseresidential674.jpg,sparse_residential,sparse_residential,0.9895256757736206,PASS,
dataset\set 23\sparse_residential\sparseresidential675.jpg,sparse_residential,sparse_residential,0.9571064114570618,PASS,
dataset\set 23\sparse_residential\sparseresidential676.jpg,sparse_residential,sparse_residential,0.9995811581611633,PASS,
dataset\set 23\sparse_residential\sparseresidential677.jpg,sparse_residential,sparse_residential,0.9988744854927063,PASS,
dataset\set 23\sparse_residential\sparseresidential678.jpg,sparse_residential,sparse_residential,0.9995512366294861,PASS,
dataset\set 23\sparse_residential\sparseresidential679.jpg,sparse_residential,sparse_residential,0.9990873336791992,PASS,
dataset\set 23\sparse_residential\sparseresidential680.jpg,sparse_residential,sparse_residential,0.9997515082359314,PASS,
dataset\set 23\sparse_residential\sparseresidential681.jpg,sparse_residential,sparse_residential,0.9994317889213562,PASS,
dataset\set 23\sparse_residential\sparseresidential682.jpg,sparse_residential,sparse_residential,0.9937186241149902,PASS,
dataset\set 23\sparse_residential\sparseresidential683.jpg,sparse_residential,sparse_residential,0.9986483454704285,PASS,
dataset\set 23\sparse_residential\sparseresidential684.jpg,sparse_residential,sparse_residential,0.9979469180107117,PASS,
dataset\set 23\sparse_residential\sparseresidential685.jpg,sparse_residential,sparse_residential,0.9286080598831177,PASS,
dataset\set 23\sparse_residential\sparseresidential686.jpg,sparse_residential,sparse_residential,0.9998407363891602,PASS,
dataset\set 23\sparse_residential\sparseresidential687.jpg,sparse_residential,sparse_residential,0.9991523027420044,PASS,
dataset\set 23\sparse_residential\sparseresidential688.jpg,sparse_residential,sparse_residential,0.9994224309921265,PASS,
dataset\set 23\sparse_residential\sparseresidential689.jpg,sparse_residential,sparse_residential,0.9969077706336975,PASS,
dataset\set 23\sparse_residential\sparseresidential690.jpg,sparse_residential,sparse_residential,0.9984629154205322,PASS,
dataset\set 23\sparse_residential\sparseresidential691.jpg,sparse_residential,sparse_residential,0.9969229102134705,PASS,
dataset\set 23\sparse_residential\sparseresidential692.jpg,sparse_residential,sparse_residential,0.9958422780036926,PASS,
dataset\set 23\sparse_residential\sparseresidential693.jpg,sparse_residential,sparse_residential,0.9369842410087585,PASS,
dataset\set 23\sparse_residential\sparseresidential694.jpg,sparse_residential,sparse_residential,0.9958694577217102,PASS,
dataset\set 23\sparse_residential\sparseresidential695.jpg,sparse_residential,sparse_residential,0.9808884263038635,PASS,
dataset\set 23\sparse_residential\sparseresidential696.jpg,sparse_residential,sparse_residential,0.9961863160133362,PASS,
dataset\set 23\sparse_residential\sparseresidential697.jpg,sparse_residential,sparse_residential,0.990171492099762,PASS,
dataset\set 23\sparse_residential\sparseresidential698.jpg,sparse_residential,sparse_residential,0.9996777772903442,PASS,
dataset\set 23\sparse_residential\sparseresidential699.jpg,sparse_residential,sparse_residential,0.9364203214645386,PASS,
dataset\set 23\sparse_residential\sparseresidential700.jpg,sparse_residential,sparse_residential,0.9992280006408691,PASS,
